Actual,Pred_by_Title
response list web-services,web-services
json-encode ajax php,php
upgrade windows-7,windows-7
prime-numbers,
django database python,django python
newline c,
navigation android,
android web-services,
conflict version-control merge git,git merge
cocos2d-iphone cocos2d objective-c iphone,cocos2d cocos2d-iphone ios iphone
closures compilation google text,css
visual-studio-2012 c++ windows,c++ windows
jquery,
utf-8 encoding date java,encoding
cross-browser asp.net,
asp.net web-services javascript,
jsf jquery,
mod-wsgi django apache2 python,apache apache2
android-intent android,
binary file c++,
sharepoint-designer compression sharepoint,
haml jquery,javascript jquery
ipad objective-c,
adobe-cs5,pdf
mvvm castle-windsor wpf c#,c#
wcf,wcf
c#,
blackberry,blackberry
android,
sql-server-2008,linux sql-server
global wordpress php,arrays php
ios-simulator xcode4 apple ipad ios,ipad
perl,xml
jquery,html javascript jquery
gwt,gwt
linq c#,c# linq
python,python
nsstring objective-c,ios iphone objective-c
lvm linux,
oracle sql hibernate,sql
dotnetnuke paypal transactions post asp.net,
excel java,excel
templates c++,
datacontext mocking linq-to-sql unit-testing c#,c# linq unit-testing
sql-server database-design performance,sql sql-server
asynchronous queue playframework,
export,
apache,
android,permissions
restore backup,
blackberry java,
sql-server sql programming-languages php,php
ring-theory complex-analysis,
mocking unit-testing rhino-mocks asp.net-mvc asp.net,
postfix email smtp ubuntu,
jsp jquery,
c++ multithreading,multithreading
autocomplete jquery-ui,javascript jquery jquery-ui json
unix shell,unix
python,list python
entity-framework-4,
zend-framework2 apache php,class
nhibernate c#,nhibernate
datetime date c#,
c#,
wordpress-plugin widget wordpress query php,
cocos2d-iphone objective-c,
z-index dom html javascript,html image select
html5 iphone,ios iphone objective-c
directx,
http-referer php,http php
serialization flex actionscript-3 java,actionscript-3 java sockets
separator ios,ios
json jquery,
authorization tfs soap javascript,javascript soap tfs
command-line,python
storage replication backup synchronization,
sendmail python linux,authentication python
android,
select mysql php,mysql php
,
power networking,
android,
xhtml html,
entity nullreferenceexception linq entity-framework asp.net,linq
history,
sql,sql sql-server
msbuild,asp.net-mvc
service android multithreading,
qt,http
entity-framework-4 entity-framework,
schema xhtml xml,xml
jsp eclipse,eclipse
sms android-emulator android,android
aggregate-functions sql,
unix security,
qt c++,
qt4 qt deployment,
heredoc variables bash,bash
ruby-on-rails-3,
azure,azure sql
visual-studio c++ windows,dll
stdout stream ffmpeg stdin file,
ggplot2 r,
cookies codeigniter,codeigniter php
wordpress mysql php,
compression asp.net,caching
css-transitions css3,css3
email codeigniter,codeigniter php
css html,css
default configuration visual-studio-2010,c++ visual-studio visual-studio-2010
google-maps-api-3 api,google-chrome google-maps google-maps-api-3
user oracle schema object,oracle
iphone,calendar
sqlite3,sqlite
hlsl xna,
virtualization,
uiviewcontroller ios5 xcode uiview iphone,
differential-geometry,
usb networking,usb
escaping php,php
google-app-engine java,google-app-engine
asp.net-mvc-3 asp.net-mvc jquery javascript validation,ajax asp.net-mvc asp.net-mvc-3
android,
svn,svn
css html,html
elementary-set-theory,
xaml binding c#,c#
osx-snow-leopard osx mysql,mysql php sockets
dialog android,
algebraic-topology,
xcode iphone,facebook facebook-graph-api ios
css,css html internet-explorer
oracle table database,oracle sql
core-data uitableview mysql iphone,database mysql php
url-rewriting zend-framework routing,php zend-framework
android,
checkbox forms jquery javascript,checkbox javascript jquery
delphi-xe2 delphi,
process java,java
streaming windows-7 c#,windows-7
php java,php r
header legend html,
executable programming-languages,
sqlite sqlite3 c,
mysql php,
time-series r,latex r
visual-studio,
magento,magento
download google-chrome,download
arch-linux installation linux,linux
django sql,django python sql
matrices linear-algebra,
java,java
navigation dom jquery,asp.net jquery
ios objective-c iphone,
apache2 linux,
ios5 bluetooth frameworks iphone,bluetooth ios
wcf asp.net .net c#,
numbers types php,
dotnetnuke cookies,dotnetnuke
static magento php,magento
listbox filter,
android graphics bitmap,android image
javascript,
httpresponse http caching,
exists select mysql php,mysql sql
ajax php jquery,javascript jquery
google-chrome-extension safari javascript,safari
functional-programming,
class reflection generics c#,c#
background c,c
reporting-services,
winforms c#,jquery
outofmemoryexception memory sql android,android
content-management-system,
uiwebview,
haskell,exception
sharepoint,sharepoint
market android java,
debian apache,apache apache2
ios objective-c iphone,ios iphone objective-c
.htaccess apache2 php linux,apache php
iphone,iphone
javascript,javascript
iphone,
symfony doctrine php,database
wireless-networking internet,
c++,c++
desktop-computer laptop,
django python,class django python
scala,scala
dom jquery javascript,
xcode4 ios iphone,ios xcode
java,
json ipad ios objective-c iphone,
python,python
amazon double php,
merge,
python,python
json php jquery javascript,
heroku ssl,ssl
android-emulator eclipse android,
uitabbarcontroller uitabbar phonegap,
httpwebrequest post c#,
google-maps,google-maps google-maps-api-3
ruby-on-rails-3 ruby-on-rails,rest ruby-on-rails ruby-on-rails-3
model user-interface,
json web-services java,java json
data-structures java,
apache2 mysql,
xml java,java xml
grep syntax regex linux,
microsoft-word,
self-improvement rest apache java,
python mysql,mysql
,
canvas html5 codeigniter php jquery,html5
select sql,select sql sql-server
algebraic-geometry,
data-binding wpf,c# wpf
underscore.js arrays jquery javascript,
spotify,
selecteditem expandablelistview android,
kml gps python csv,csv python
3d xna visual-studio-2010,
garbage-collection memory .net,
uisplitviewcontroller uitableview iphone,
books,
javascript,javascript jquery
titanium iphone,iphone
asp.net,html jquery
java,
cloud vps .net,
lines string php text,
tsql sql-server-2005,stored-procedures
node.js multithreading,multithreading
mfc c++,
xaml silverlight wpf,
data-recovery hard-drive,
f# mono,f# mono
mstest visual-studio-2010,
django-views django-templates django-forms django,
memory mapping linux,
python-2.7 python,
netbeans mobile java,netbeans
c++,c++ pointers
jquery-autocomplete jquery-ui jquery,
height asp.net iframe,
colors cocos2d animation,cocos2d-iphone css
wireless-networking connection,
regex asp.net,regex
django android,android django
pointers cuda c++ c,pointers
activemq jms,
.net-4.0 ajax asp.net .net c#,ajax asp.net jquery
variables arrays javascript,javascript variables
conversion microsoft-word html,html
asynchronous node.js javascript,
lines eclipse,eclipse
tomcat httpd,apache apache2 tomcat
gevent,
opengl-es android,opengl
jquery,
return methods java,java
udp network-programming c++,
timer django ajax security,ajax django jquery
,
c#,c#
android-layout android,
decompression c#,c#
fluent-nhibernate nhibernate,fluent-nhibernate nhibernate
html5 mobile php,
url-routing codeigniter php,codeigniter
winforms c#,
openssl,
tkinter python,python tkinter
nullpointerexception jpanel arrays java,java
.net c#,
ipad ios iphone,
performance c,
grails,
tips-and-tricks performance,
wpf c#,c# wpf
repository ivy java,
extjs codeigniter,extjs google-app-engine
mongodb,
mediaelement.js media html5 javascript,
nameserver dns,
return javascript,
regex c#,c# regex
spring,java spring spring-mvc spring-security
dllimport c#,c#
django objective-c iphone,django iphone
ios5 facebook phonegap ios,facebook facebook-graph-api
openlayers google-maps,firefox google-chrome google-maps-api-3 internet-explorer javascript
plone,
development-environment hosting osx php,
uinavigationcontroller ios iphone,
xetex fontspec fonts,
animation layout css javascript,javascript
horizontal-alignment,
jquery,
drupal,drupal
polymorphism performance php,performance php
ruby-on-rails-3.2 activerecord ruby-on-rails,
system command php,php
voip,
ip,
algebraic-geometry,
simplexml xpath xml php,php
templates django python,django
ruby-on-rails,ruby-on-rails ruby-on-rails-3
java,arrays sorting
iis asp.net,.net asp.net
wamp xampp windows-xp security,
exists url php,
datetime c#,
.net html javascript,.net http
paypal php,
probability linear-algebra,
asp.net-mvc-2 asp.net-mvc,asp.net asp.net-mvc
twitter-api xmlhttprequest json javascript,json
xaml data-binding wpf,
wordpress-plugin wordpress,wordpress
extjs javascript,
streaming android application,android
timezone date java,
table-of-contents,
c#,c# excel
methods find java,
android-intent android,android
php javascript,jquery
global-asax asp.net,caching
jquery,jquery
listview android java,android listview
ruby arrays,arrays
,image
css jquery,android
java,java
datepicker events jquery,events javascript jquery jquery-ui
api rubygems ruby ruby-on-rails-3,api http ruby ruby-on-rails
sqlite android java,
assembly ios,iphone mac osx windows
ruby,ruby
php javascript,
push-notification view iphone,
regex python,python regex
observablecollection wpf c#,
rest soap wcf .net web-services,soap wcf
jquery-ui,jquery jquery-ui
html jquery,jquery
input shell android,android
sockets android,android
g++ linker c++,c++
audio eclipse android,android audio eclipse
imap gmail python,email python
mysql php,backup database php
php,php static
imageview remote uri android,image
mootools javascript,mootools
repository entity-framework-4 entity-framework c#,entity-framework
casting pointers c++,c c++ pointers
visual-studio c#,
zend-framework windows,windows
memory-allocation corruption c,c memory
encryption passwords sql-server types,sql-server
oracle database query,oracle
windows-xp,
itextsharp c#,formatting
gwt eclipse,gwt
data-binding vb.net,
ado.net c#,
regex c#,
ruby-on-rails,
video-capture java,video
iptables routing networking,
asp.net javascript,javascript
flash javascript,flash javascript
documentation asp.net-mvc,ajax asp.net-mvc
auto-update android,android
tutorials wss-3.0 sharepoint2007 sharepoint,sharepoint
jsp,java jsp
noconflict dreamweaver jquery,javascript jquery
air activity home android,android
android,
imagemagick ruby-on-rails-3 ruby-on-rails,
,
zend-framework,caching zend-framework
tcp .net c#,
asp.net-mvc-4 c#,
directx books c++,
drawable android,android
c++ c#,arrays c# c++
gwt google-app-engine,gwt
caching ajax security web-services,web-services
jsp locale javascript java internationalization,javascript jquery
thickbox jquery,flash
oracle10g oracle sql,oracle
subquery greatest-n-per-group mysql,
class delegates methods object c#,c++ class oop
flash,flash
lucene,
z-index span div css html,css
report object magento arrays,arrays magento
editor eclipse logging,eclipse java
python csv,csv python
,
postgresql,postgresql
svn eclipse,svn
publish asp.net-mvc,visual-studio visual-studio-2008 visual-studio-2010
.net c#,
.net wpf,
hash coding-style perl string,hash perl string
mouse windows-7,
codeigniter activerecord php,codeigniter php
git,
asp.net-mvc,asp.net asp.net-mvc
parallel-processing matlab,matlab
amazon mongodb symfony2 php,
tags anchor name ajax,ajax
typo3,pdf
controller ruby-on-rails,
image-processing ios iphone,
.net web-services c#,
union sql mysql php,mysql sql
structure arrays c,arrays
compiler optimization,
python,python
iphone-sdk-3.0 iphone,
transformation xslt xml html,xml
registry msi,visual-studio
user-interface excel python,excel python
concurrency collections,.net multithreading
android-webview android-emulator android javascript,android
jsp java,image java jsp
embedded sensor,
div css html,css
utf-8 html-encode php,html
samba,linux windows
seo google,
table database mysql,database mysql
sed,
custom-post-types custom-taxonomy permalinks,wordpress
mysqli php,
android,android
angularjs,
backbone.js javascript,
android,android
facebook,facebook facebook-graph-api video
mobile image android,
actionscript mocking unit-testing actionscript-3,events
sorting pagination table json browser,json
tsql visual-studio-2010 c#,
login script wordpress codeigniter,wordpress
memory linux,linux memory
algebraic-number-theory,
,html
wpf c#,
python,asp.net python
syntax jquery-validate forms html php,
url,
file-sharing network-shares windows-vista,windows
timezone datetime ruby ruby-on-rails,
django-models django mysql,
ios6 uicollectionview ios objective-c,
ggplot2 graphics r,
usb-flash-drive usb,usb
text-editor tinymce html javascript,tinymce
postback dynamic asp.net c#,
web-applications ajax javascript,ajax
primefaces jsf ajax java,
subdomain dns routing,subdomain
lisp history macros scheme,
div .net-3.5 asp.net css html,
,
vb.net,
,
command-line windows,command-line windows
java,
java,class
select sql logging,sql sql-server
jpa-2.0 orm java,
ddos asynchronous ajax php javascript,ajax
web-applications http,http
flex json actionscript-3,flex json
large-files c++ c,c c++
ios,
windows-7,
twitter-bootstrap jquery,css jquery jquery-ui twitter-bootstrap
installation sharepoint2010 windows-7,shell
graph facebook php,facebook facebook-graph-api php
dojo javascript,javascript
dynamic vb.net,
passwords security,
android,android
android,android
discrete-mathematics,regex
themes vaadin css java,
junit spring hibernate,hibernate java spring
macros c++,c++
class mootools javascript,mootools
java,java
zend-framework2,zend-framework
arrays mysql php,mysql
map google-maps android,
coffeescript node.js javascript,javascript
axis ggplot2 r,
mac windows-7 windows,windows-7
visual-studio-2010 debugging c++,
iphone-sdk-3.0 xcode iphone,iphone
sdl api,
postgresql,postgresql
mysql,mysql
comments tfs visual-studio,visual-studio
div-layouts layout css graphics,
interop c#,c#
windows-ce embedded visual-studio-2008 visual-studio-2010 visual-studio,
regex,regex
websphere-mq performance wcf,wcf
variables dynamic listview,javascript
emacs,
aggregate-functions mongodb javascript,mongodb
menu uiviewcontroller objective-c,
geolocation math windows-phone-7 asp.net c#,c#
,performance
foreach loops arrays php,arrays foreach php
vbscript asp.net,asp.net
coding-style eclipse,c++ eclipse
nullpointerexception timer update view android,
windows-update windows-server-2003,
resources icons dll c++,c++
callback javascript,javascript
powershell internet-explorer-8 browser,command-line internet-explorer powershell
certificate apache2 ssl-certificate ssl,apache
gdi+ visual-c++ c++ winapi,c++
cucumber unit-testing rspec ruby-on-rails,ruby-on-rails
sqlite iphone,iphone objective-c sqlite
url-rewriting permalinks mod-rewrite,c#
web-config visual-studio,sharepoint visual-studio visual-studio-2010
gdi+ asp.net-mvc-3,asp.net-mvc-3
math c++,c++
notifications iphone,ios iphone
duplicates homework c++,c++ linked-list
ios,api ios
lucene solr api search,solr
gae-datastore google-app-engine python,google-app-engine
dataset database .net c#,.net
ajax php jquery,
insert database android,android
sql-server-2012 sql-server sql,
qt c++,qt
video-capture device driver usb,usb
ocaml scheme,
json php,encoding json
environments macros,
jsf-2.0 primefaces ajax,
groovy eclipse,eclipse
c#-4.0 sql-server-2008 asp.net-mvc-3 asp.net java,xml
public-key-encryption ssl-certificate ssl,ssl
visual-studio-2005 marker assembly visual-c++,c++
eclipse java,java
visual-studio-2012 c++11 templates c++,
yii activerecord php,
vb.net,javascript
javascript,
c#,c#
virtualization,
jquery-mobile phonegap jquery,jquery jquery-mobile phonegap
android,android
calendar django,calendar django django-models python
amazon android ios,android ios
caching django python,caching django
usb-flash-drive usb windows-installer windows,usb
mysql php,
gnu-screen unix,
rotation android-layout animation android,android
twitter-bootstrap css,css twitter-bootstrap
abstract-algebra,
ftp open-source .net c#,.net ftp ssl
permutations combinatorics,
reporting-services vb.net,
asp.net-mvc-4,
jquery-ui,javascript jquery
.net-3.5 c#,c# linq xml
redis database,
javascript,javascript
,javascript jquery
entity-framework-4 asp.net-mvc-3 entity-framework c#,
push arrays php,arrays php
html jquery javascript,jquery
rewrite http reverse-proxy,iis
database-connection mysql php,database mysql php
android-layout scrollview android,android
eclipse,eclipse eclipse-plugin java
facebook,facebook facebook-graph-api
python,c++ class python
resources jar drawable android,android
r,
design-patterns java,
location android,android
forms asp.net,asp.net jquery
html jquery,
mongodb,mongodb
algorithm,
servlets java,
sql mysql php,sql
transparency c#,
linux,
code-review ruby,ruby ruby-on-rails
ssis c#,
regex string java,java regex
dns,dns
c,c++
text-processing imagemagick conversion pdf,pdf
control mfc uitableviewcell c++,
xcode cocoa-touch ios objective-c iphone,
android,
web-services c#,visual-studio visual-studio-2008 web-services
internet-explorer-6 browser-compatibility css html,css
python logging,python
widgets,html
ios,
constants codeigniter php,codeigniter image
client multiplayer java,
uipickerview iphone,
permissions oauth facebook,facebook facebook-graph-api javascript
,
jquery javascript,jquery
caching asp.net .net application,asp.net caching
x11,pointers
windows-phone-7 soap,soap
data-structures oop swing sprite java,java
combinatorics,
grails json,grails
swing java,java
gps,
java-ee jpa hibernate,
progress-bar multithreading c#,c# multithreading
image-processing opencv,opencv
documentum indexing,
asp.net,asp.net
css html,image
dll jni java,dll java
api,
linux,
unix bash linux,
flash internet-explorer actionscript-3 javascript,flash javascript jquery
cakephp file-upload validation,cakephp
itunesconnect app-store apple,
report crystal-reports vb.net visual-studio-2010,crystal-reports
overflow webkit css html,
asp.net c#,
java,java
video magento,magento video
sql-server-2008 sql,sql
casting python,c# string
jquery-ui javascript,
grid gridview extjs javascript,
text-processing nlp statistics,
web git,git
gnu io c,
opengl-es android,
sql-server-2008 visual-studio asp.net c#,
infinite-loop gcc linux,
algorithm java,
raid,
ruby-on-rails iphone,ios ruby ruby-on-rails
aop .net,interface
probability-theory homework,
osx-snow-leopard eclipse,eclipse mac osx
css,css html internet-explorer
,
microsoft-excel-2007 microsoft-excel,excel
windows-7,
video,command-line linux
django-templates django-admin django-forms django python,django
git,git
jpa java,jpa
ruby-on-rails-3.2 ruby debugging,ruby-on-rails ubuntu
glsl opengl,
performance osx,osx
dell exception c#,
jquery,jquery
eclipse android java,eclipse java
android,
hp remote laptop windows-7,
return wget filenames php,
video-streaming caching xcode4 ipad,caching ipad video
jquery javascript,javascript jquery
yii,yii
database-design,database
scala,
testing jquery javascript,javascript
google-apps-script,
jetty maven javascript,maven
http-referer .htaccess php,.htaccess http php
silverlight-2.0 silverlight geometry,image silverlight silverlight-4.0
regex python,python regex
phpmyadmin mysql,mysql
usb windows,usb
garbage-collection java,arrays java
routing,
tomcat mobile eclipse,tomcat
drupal-7 render,drupal drupal-6
elisp emacs,emacs
winforms c#,
xampp php,
android java,android
redis,
r,r
mysql,mysql
c++,c++
android,android
oracle windows-7,oracle
schema sql database,
forms html mysql php,php
web-services,
autofocus terminology,
wmi windows-server-2008 iis7,
java,java swing
pointers c,pointers
rhino-mocks c#,
debian linux,
fullscreen canvas html5 firefox,firefox
data python,python
core-data osx xcode objective-c,core-data iphone
ios6 uiviewcontroller ios objective-c,ios objective-c
embedded shell linux,
css html,text
xcode ios iphone,
tar performance,
exchange tsql sql-server,
wpf c#,
gdb c++,
unix flex apache java,
oracle soa events,
sorting php5 arrays php,arrays php sorting
javascript raphael svg,javascript
sorting reportviewer,crystal-reports
graphics-card,
regex python,python regex
linux,linux
viewstate asp.net usercontrols,asp.net checkbox
communication ajax php javascript,ajax javascript jquery php
spinner android,android
mcrypt encryption php,php
html javascript,
glassfish-3 java,
xcode4.2 ios iphone,mac osx
security,
ios objective-c,objective-c
extjs,
jqgrid,
random passwords java,java
file windows-7,
salesforce,
php,php
osx,osx
visual-studio-2005 automation visual-studio,visual-studio visual-studio-2010
opencv,c++
service debugging c#,c#
css3 css html javascript,css
compiler-errors asp.net c#,
phpmyadmin joomla sql mysql,sql sql-server
mp3 python,python
mathematical-optimization,matrices
windows-7,windows-7
javascript,
vbscript,
adobe internet-explorer,pdf
jaxb java,xml
jquery-ui jquery,jquery jquery-ui
canvas multiplayer node.js javascript,events
css html jquery javascript,javascript jquery
seo css jquery javascript,html javascript
command-line django bash,bash django django-models linux python
implementation size mysql php,mysql table
microsoft-excel,excel
analysis calculus matrices,
python,python
c++,
user-interface intellij-idea netbeans,
concatenation separator null field mysql,mysql
ipad ios iphone,xml
foreach merge xslt xml,xml xslt
debugging,maven maven-2
hp drivers ubuntu,linux
jquery,firefox javascript jquery
background timer invalidate iphone,
parsing unit-testing c#,
sql-server c#,
android-intent android-widget android-layout android,android textview
android,
thread-safety google-app-engine multithreading,google-app-engine python
php,
nested-forms ruby-on-rails javascript,
scripting file shell directory bash,bash
java,
for-loop arrays php,php
wmi windows-services processes .net c#,
design-patterns java,design-patterns java
datetime sql-server,sql sql-server sql-server-2008
backbone.js data-structures javascript,
android,android
axis tomcat web-services,apache apache2
asp.net css,asp.net css div
2d quartz pdf,ipad
hibernate jboss java,caching hibernate java
asp.net .net c#,
regex,regex
list scheme recursion,
,wordpress
batch-file windows,
activity sql-server facebook,facebook sql sql-server
jquery,
notepad++ syntax-highlighting,
storage database python,
iis6 ftp wmi iis7 asp.net,asp.net c# windows-server-2008
sqlite3 android,android
itunes,checkbox
bsod serial-port .net c#,
python,python
ios iphone,
refactoring intellij-idea eclipse java,eclipse intellij-idea java
backgroundworker synchronization multithreading c#,
comments,
uitableview cocoa-touch,ios iphone uitableview
c++,string
lan networking windows-7 windows,
serversocket sockets java,
xml-serialization web-services,c# web-services
ios6 ios5 core-plot ios,ios
android,
checkbox events javascript,jquery
inheritance c#-4.0,sql-server stored-procedures
vnc windows-vista windows-xp remote-desktop,windows windows-7 windows-xp
mpmovieplayercontroller objective-c,
backbone.js javascript,backbone.js javascript
foreach perl,foreach
google-app-engine c#,c#
mysql php,list
bounds flash actionscript-3,actionscript-3
parsing python arrays,arrays parsing python
arrays php,arrays php
xslt,xslt
sql-server windows-server-2003,
wordpress-plugin wordpress php,wordpress
innodb sql mysql,mysql
activerecord ruby-on-rails-3,
,
memory-allocation iphone-sdk-4.0,
msi c#,
ftp iis7 asp.net,ftp
wamp apache php,php
login facebook button jquery javascript,facebook javascript
xss security asp.net-mvc asp.net .net,asp.net-mvc
plugins phonegap project android,phonegap
caching asp.net,session
aggregate-functions mysql,mysql
calculus,
css jquery javascript,
xna,c# windows-phone-7 xna
fork wait pipe shell c,c
django-views django-models django,django python
multivariable-calculus derivatives,
homework calculus,
subdomain asp.net-mvc-4 asp.net-mvc asp.net,
sharepoint,
flex,
django oauth python,django python
google-chrome,google-chrome
lifecycle,
custom-attributes magento,magento
jquery-plugins jquery-ajax jquery-ui jquery,jquery
mvvm wpf c# validation,
debian cron ubuntu,linux shell ubuntu
linq-to-sql c#,c# linq linq-to-sql sql
stl optimization c++,
remote selenium python,google-chrome python webdriver
alarmmanager android,android
python xml,python xml
microsoft,c#
webbrowser webview uiwebview windows-phone-7 android,android
,
ef-code-first postgresql asp.net-mvc mysql,entity-framework mysql
windows-server-2008,windows-server-2008
cakephp,database
fancybox asp.net,fancybox
eclipse php,
average,
azure,
css jquery,css html javascript jquery
z-index css html,
asp.net c#,c# javascript
webview onclick android html javascript,android
autocomplete json ruby-on-rails jquery,json ruby-on-rails
command-line osx,osx
compatibility osx,osx
comments grammar facebook,facebook facebook-graph-api
mongoose,arrays
directshow c++,
polygon math,
format date java,java
android,android
com interop .net-4.0 c#,
keyboard-shortcuts ubuntu windows,ubuntu
homework elementary-number-theory,
playframework hibernate,
deployment windows,
xcode4.2 ios5 core-data,core-data iphone
clustering vmware-esxi windows-server-2008-r2,
forms magento,magento
intellij-idea jsp,java spring
pdf passwords,pdf
uitextfield ipad keyboard iphone,ios ipad keyboard
unix escaping json ssl-certificate,json ssl
asp.net,
meta-tags iframe html javascript,jquery
floating-point ios objective-c,
macros c,c
sqlite import file ios iphone,ios sql
django python,django python
html5 android,android
android,
ajax,
ruby ruby-on-rails,windows
android-emulator android-widget android,android
refactoring methods eclipse,eclipse java
git-pull cygwin git,git
css-selectors css,css html
mysql,mysql sql
dell bluetooth,bluetooth
drupal-7 drupal,
website mootools internet-explorer,internet-explorer windows-xp
telerik dom asp.net internet-explorer-9,
swing java,
eclipse android java,java
jquery javascript,javascript jquery
vb.net asp.net c#,
dreamweaver css,css
symfony-2.0 php5,php symfony2
xml java,java
proxy node.js nginx,
hp hardware-raid raid,
visual-studio-2005 tdd unit-testing visual-c++,c++
regex,regex
virtualhost website apache2,
excel-vba database,
wordpress,wordpress
bash linux,bash
image linux,
wpf c#,wpf
regex,regex
rsa encryption,encryption
multithreading java,java
,size
ado.net entity-framework,entity-framework entity-framework-4
output xna input file c#,c# xna
testing unit-testing rubygems ruby-on-rails-3 ruby-on-rails,ruby-on-rails
find,svn
visual-studio debugging,visual-studio visual-studio-2010
2010 visual-studio web-services,file-upload web-services
radio-button android,android
regex javascript,javascript
repository remote git,git
facebook-like facebook mod-rewrite,apache facebook
usb-flash-drive installation boot usb windows-7,usb windows-7
ajax javascript,ajax
ssh,ssh
asp.net-mvc-3 asp.net jquery,javascript jquery
cmake git,git
preg-replace function php javascript,function javascript php
bluetooth android,bluetooth notifications
gwt,gwt
java,
mvp webforms testing unit-testing asp.net,
youtube cordova phonegap xcode ios,youtube
syntax javascript,javascript
,
dataset data-binding vb.net winforms .net,table
android java,android ftp
.net,entity-framework
opengl-es oop c++ iphone,c++ opengl
glassfish-3 ejb-3.0,
ruby ruby-on-rails-3 ruby-on-rails debugging,
printing ios,ios
mysql php,
mount bash php windows,php
interview,
css html jquery javascript,
ajax javascript,javascript
visual-studio-2010,visual-studio visual-studio-2010
ruby regex csv,csv parsing
wireless-networking,
boot usb windows-7,usb
xaml .net wpf,.net c#
oop flash types actionscript-3,
qt webkit c++,
wordpress php,wordpress
cuda c++,visual-studio visual-studio-2010
azure,azure
ms-word .net c#,c#
ios objective-c,
ubuntu,
memory assembly,memory memory-management
listview android,android listview
normal-distribution homework probability,
firefox internet-explorer html,firefox html javascript
html php,html php
curl mysql php linux,curl linux php
udp network-programming sockets ruby,ruby sockets
serialization forms .net c# jquery,.net c# jquery
compare datetime entity-framework-5 sql-server-2008 entity-framework,entity-framework
asp.net,
profiling python,python
android,activity android
scala,
select javascript,
glassfish-3 ejb-3.0 hibernate,hibernate java
smtp asp.net .net c#,c# email
mathematica,
selection excel,excel
drupal-6 php,drupal
c++ winapi windows,windows
python-3.x python,python
entity-relationship,sql sql-server
disable google-chrome search,google-chrome javascript
backup,backup
php javascript,
design web layout css html,
rest wcf web-services c#,c# iis rest
sharepoint,
row coldfusion sum sql columns,
source-code google,
manifolds pde,
unix gcc jni c java,c
custom-controls design silverlight,silverlight silverlight-4.0
cakephp,cakephp
php jquery,jquery
php,php
apache-poi apache,
jquery-ajax,ajax javascript jquery jquery-ajax
settings serialization printing .net,
json html jquery,json
mongodb symfony2,
c#,
twitter f#,f#
sql-server-2008,sql sql-server visual-studio visual-studio-2010
cross-browser properties reference javascript,javascript
openssl,linux ssl
measure-theory real-analysis,
architecture language-agnostic mvc,asp.net-mvc
jquery,jquery
opengl-es android,parsing
wordpress-theming wordpress,wordpress
http android,url
custom-taxonomy taxonomy tinymce,
mvvm datagrid events wpf,wpf
delphi,
xcode objective-c,
matrix syntax matlab,
navigationcontroller iphone,ios iphone objective-c
mod-rewrite .htaccess apache2 apache,.htaccess
django-queryset count annotations django,django python
components delphi,delphi
sync microsoft-outlook-2010 windows-7,
xmlhttprequest table html javascript,javascript
event-handling swing events java,forms php
tcp internet android java,
,
sql mysql,mysql php query
django,
pdo mysql php,mysql
mono asp.net linux,asp.net mono
vb.net forms,
postfix email hosts networking,
windows-server-2008-r2 remote-desktop internet-explorer,
gps java-me blackberry,blackberry
x509certificate wcf .net c#,wcf
python,list python
notepad++ regex,regex
css html,css
android,android
market android application,android
router,
c++ winapi windows,
datetime timestamp .net,.net windows
tsql shell bash linux,sql sql-server
jit distribution compilation,time
ubuntu,ubuntu
jquery,plugins
autofocus lens compatibility,
wpf,
http java,http
web-applications web.xml java,asp.net java jsp
internet-explorer-8 internet-explorer internet-explorer-9,internet-explorer
android,android
jquery-validate jquery,jquery
io input c,
oop php,php
ios6 contacts facebook objective-c,facebook ios iphone
wallpaper folder linux,linux
gpu,opengl
gzip compression string java,java
c,time
ipod ios iphone,iphone
dependency-injection,
cron plugins wordpress,wordpress
string c++,
xslt,xslt
android,android
transactions spring hibernate java,asp.net-mvc nhibernate
google-chrome-extension xss javascript,google-chrome
sql ruby-on-rails-3 mysql,mysql
random html jquery,
lyx floats,
jquery-autocomplete django-forms django,
automapper,properties
dictionary collections algorithm python,
wpf c#,
,ajax javascript jquery
wireless-networking monitoring networking,networking
glassfish,
soap,web-services
ruby-on-rails,css html javascript ruby-on-rails
visual-studio-2012 winforms,
asp.net .net c#,
thumbnails video .net c# php,.net java php
php,arrays
c#,c#
windows-server-2003 remote-desktop,
image android,android
sql-server,sql-server sql-server-2005
api,php rest wordpress
build visual-studio-2010 c++,visual-studio visual-studio-2010
geometry,
gevent redis python-2.7 python,
amazon-cloudfront amazon-web-services,
mongodb c#,
complex-numbers homework algebra-precalculus,
django query,django python
process,
timeout,
.net wpf c#,wpf
struct com arrays c++ c#,arrays c# c++
forms javascript,php
actionscript air flex flash,
hyperlink jsonp json jquery,json
access-vba forms ms-access vba,
sharepoint2010,sharepoint
binomial-coefficients discrete-mathematics combinatorics,
servlets,
eclipse java,
stdin haskell,haskell
svn http ssh,svn
java,
osx,
java,java
licensing,
workflow-foundation-4 nhibernate asp.net-mvc-3,
grammar antlr,antlr java
oop c++,
ruby,ruby
django,django
html c#,
uikit ipad cocoa-touch iphone,ipad
eclipse,eclipse
linq-to-sql tsql linq sql-server sql,linq
java-me,
migration git ruby-on-rails,git
file java,
android,
unity,
textbox usercontrols binding wpf,
asp.net html,asp.net html
curl post php,arrays curl php
navigationcontroller uitabbarcontroller,git
vb.net,
ruby-on-rails,ruby ruby-on-rails ruby-on-rails-3
drupal,drupal
education,class
sorting jquery,
ocaml compiler parsing,
http post,
plsql maps oracle,oracle
sectioning,
llvm c++,
osx-lion cocoa objective-c,
tsql sql-server-2008,
cross-domain flash asp.net,file
networking,
sharepoint2010 sharepoint iis,sharepoint
windows-phone-7.1,
optimization mysql,mysql
cookies php,arrays
environment-variables cmd windows,
entity-framework,entity-framework
variables session php,php session
django python logging,django
delphi,
view sql database mysql,mysql
image python,python unicode
actionscript flex4 flex,flex
air flex,
ruby ruby-on-rails,arrays php
matlab,matlab
interface-builder xcode objective-c,
javascript-events windows-8 javascript,windows windows-8
websphere-mq jms encryption security,
jquery javascript,
loading timeout jquery javascript,jquery
html php,php
grails extjs file-upload,extjs grails
cocos2d ios objective-c iphone,
tomcat jersey,
inheritance python,
python-2.7 search python,internet-explorer python
azure visual-studio-2010,templates
jquery-animate jquery,jquery
printing java,java
location google-maps android java,android google-maps
filesystems hadoop documentation java,
tsql sql-server sql,sql-server
jni,c++ java
sed awk unix,
uinavigationcontroller ios,
network-programming qt webkit c++,html qt
character-encoding c#,
uitableviewcell uitableview image ios,ios iphone uitableview
jquery javascript,css div html javascript
android-camera android,
windows-server-2003,
php5 multidimensional-array arrays php,arrays php
gem ruby,
cryptography c++ .net c#,c# c++
data-binding silverlight usercontrols,data-binding silverlight wpf
python,
eclipse java,eclipse jar java
plugins wordpress,wordpress
math,
asp.net-web-api asp.net-mvc-routing asp.net-mvc-4,
combinatorics,
html5 php jquery javascript,html
egit eclipse git,git
windows-server-2008 scripting linux,windows-server-2008
c++,c++ function
opencl c,arrays pointers
jquery-selectors jquery,c++ class
android-ndk android java,android
flash actionscript-3,flash
jdbc ant mysql,mysql
sed awk,perl python
encode decode text,encoding
json jquery,arrays json
timezone cron,debian
svn,svn
build android ant,ant
ruby ruby-on-rails-3 ruby-on-rails,ruby ruby-on-rails ruby-on-rails-3
ajax php jquery javascript,jquery
version-control tfs,tfs
tcp sockets networking c windows,c sockets
memory-management reference java,java
nsstring cocoa,
power sleep button,windows-7
cxf action soap web-services,
db2 sql,sql sql-server
java,java
datagrid wpf,c# wpf
sql-server sql sql-server-2005,sql
gem rubygems ruby-on-rails,
xhtml xml html javascript,xml
concurrency java,java multithreading
themes,
ios objective-c,
css,css sharepoint
uinavigationcontroller,ios objective-c
ajax json security javascript,json
functional-analysis homework,
android java,activity android android-activity
gpl licensing icons wordpress,wordpress
windows-7 java,windows-7
group-theory,
asp.net,forms
switch-statement c++,c++
default gateway ip centos,linux
integration-testing hibernate,hibernate java
find regex python string,
android,
video index wordpress,
arraylist .net c#,c#
django performance apache2,asp.net
android java,android
css html,jquery
images import export,wordpress
c++,pointers
stl c++,
instantiation c#-4.0 mapping entity-framework,
split string java,java string
focus scrolling visual-studio .net,
tags custom-taxonomy functions taxonomy,
xib comments objective-c,
element div jquery,javascript jquery
graph-theory,
stdout c#,
resharper wix,
gridview listview onclick android,android listview
ssrs-2008 reporting-services sql-server-2008,xml
wcf web-services,c# wcf
upload asp.net .net c#,c#
scheduled-tasks batch-file firefox windows,firefox
cocoa-touch ios iphone,ios iphone
floating-point python,
duplicates email sql-server sql,stored-procedures
nginx php,
simplecursoradapter listview android,android
linux,
math,
escaping firefox,xslt
freeze google-chrome browser windows-xp internet-explorer,
themes seo google wordpress,javascript php wordpress
sync firefox,firefox
crystal-reports,crystal-reports
jqplot requirejs module jquery javascript,
java,
media-queries jquery-mobile,css html jquery
iphone,ios iphone iphone-sdk-4.0 objective-c
testing unit-testing,testing
iphone,iphone
character-encoding firefox internet-explorer jquery javascript,firefox internet-explorer
jquery javascript,jquery
mfc c++,
.net-assembly visual-studio-2010 .net c#,c#
race-condition ruby ruby-on-rails,ruby-on-rails
compression xml svg,
histogram osx excel,excel
compiler nsstring ios,ios iphone nsstring objective-c xcode
ios objective-c iphone,
regex php,class
rubygems ruby jruby jboss,java jboss tomcat
publish visual-studio-2008 deployment,
reporting-services,
pivot table excel,excel
regression,r
combinatorics elementary-set-theory,
general-topology,
junit selenium java,java
xml-parsing xml,parsing xml
logarithms derivatives integral,
codeigniter,codeigniter php
cocoa dns osx,osx
cocoa osx ios,ios
.net c# windows,
structure if-statement,
date iphone,
asp.net-mvc-3,
iis .net c#,iis modal
html javascript,html javascript
c++ c#,
flash events actionscript-3,c#
windows-update,windows
powershell,
sqlite sqlite3 sql database,
operators,
django database,django
iframe html,iframe internet-explorer javascript
ajax jquery,ajax jquery
xml-parsing xml java,java xml
stl dll c++,c++ dll
php,php
navigation flex events,flex
hash security python,python
iphone-sdk-3.0 xcode objective-c iphone,ios iphone objective-c xcode
osx mysql,bash mysql php
simplecursoradapter android,
glsl opengl,
verbatim errors fonts,
oracle sql,
ubuntu-10.04 raid lvm,
java-ee java,asp.net-mvc java
concatenation python-3.x python,python
compression format file folder,
templates controller codeigniter,codeigniter
playframework-2.0 heroku playframework scala deployment,scala
perl,perl
gentoo linux,
asp.net c#,
external dns,dns
html5,html5
css jquery,select
outlook-2007 windows-7,mac
serialization database java,java
algorithm string language-agnostic,algorithm
uisplitviewcontroller ios5 ios objective-c iphone,
plugins,windows
images firefox,
windows-phone-7 c#,http
sharepoint-designer sharepoint2010 sharepoint,list
canvas jqplot onclick jquery,
wpf,c# wpf
matlab,matlab
boost,boost c++
twitter-api twitter php,
video android,caching
web-crawler java,java
jquery-mobile phonegap,javascript jquery jquery-mobile mobile
motherboard boot raid,windows-7
asp.net-mvc-2 entity-framework-4 asp.net,entity-framework
sql,sql sql-server
matrices linear-algebra,
,
css html javascript,asp.net javascript
postgresql,sql
debian,
arraylist object java,java
spring java spring-mvc,
windows-server certificate,
background-image internet-explorer iframe,css html jquery
inputstream java,
image-processing opencv c++ windows,opencv
xcode,xcode
xcode javascript ios objective-c iphone,html parsing xcode
merge,
tags mysql,
android-emulator android java,android
django python,django python
reflection java,reflection
element listbox insert xml c#,c# xml
bootloader boot partitioning,boot windows windows-7
clickonce,
xml-schema xsd xml,
ruby-on-rails-3 ruby-on-rails javascript,image
jsf,
forms jquery javascript,jquery
virtualhost redirect dns mod-rewrite apache,redirect
nsurl wsdl soap wcf ios,ios iphone objective-c wcf web-services
asp.net,http
magento xml php,magento xml
stl c++,
timer android-asynctask listener android multithreading,android multithreading
indentation,
entity-framework-4.1,c#
c#,c#
html mysql php,php r
javascript,
hashmap java,hashmap java
udp java,arrays
telerik asp.net,
,
c#,
php javascript,
css,css
vb6,vb6
tutorials visual-studio css,css
asp.net-ajax asp.net usercontrols,
wso2,
python,python
selenium,selenium
joomla windows-server-2003 mod-rewrite iis,apache
ef-code-first asp.net-mvc-3 entity-framework c#,
matlab,
c++ graphics opengl windows,opengl
visual-studio c++,c++
autocomplete emacs,
layout css html,
ajax html jquery,html
devexpress c#,devexpress
,
forms asp.net,asp.net c# forms jquery
lisp homework,
plugin-recommendation content permissions,
pdf reportviewer c#,pdf
highlight map jquery,jquery
asp.net,asp.net visual-studio visual-studio-2010
loops vector homework performance c++,
razor c#-4.0 asp.net-mvc-3 asp.net c#,
uac file-io windows-7 .net,windows-7
wpf,google-chrome
elementary-number-theory,
joomla api css php,api
jira notifications,email
stream refactoring image php,php
error-handling javascript,javascript
webdav document-library,
internet-explorer jquery,internet-explorer
numerical-methods matrices linear-algebra,
cocos2d-iphone design graphics iphone,iphone
coding-style internet-explorer .net html c#,internet-explorer
unix,unix
if-statement php,mysql php
swing multithreading java,java multithreading
large-files,
asp.net-web-api asp.net-mvc,asp.net-mvc
spring-security spring jboss7.x jboss,java spring spring-security
directx ide c++,c++ windows
wpf,templates wpf
interface c#,
scripting windows-server-2003 security,
division matlab,function matlab
.net php,.net soap web-services
ruby-on-rails-3 ruby-on-rails,
oracle database,
navigation 2007,
styles,
ruby,ruby
web-config azure wcf,
custom-field wp-query custom-taxonomy title search,
regex-negation regex javascript,javascript jquery regex
uitabbarcontroller uitabbaritem ios objective-c iphone,
limit calculus,
login url facebook,facebook session
csv php,sequences-and-series
terminology web runtime javascript,
3d plot matlab,matlab
dom jquery javascript,javascript jquery
timer android ios iphone,
yaml ruby-on-rails,ruby ruby-on-rails ruby-on-rails-3
jdbc swing java,java
algebraic-geometry,
osx c++ linux,c++
video swf regex php,php regex
mouse rotation object events actionscript-3,
c++ c,
functions plugins tabs php,tabs
android-emulator android,
linq c#-3.0 c#,c# linq
xmlhttprequest internet-explorer javascript,ajax internet-explorer javascript jquery
windows-ce c++,
wp-query,
ip httpwebrequest c#,
video facebook,video
timezone gcc linux c,linux
tomcat6 tomcat java,tomcat
json regex string jquery javascript,javascript jquery json
xtrareport devexpress .net c#,
vb.net asp.net,memory
content css3 jquery,css
xna c#,c# xna
xaml silverlight-4.0,silverlight
pivot datatable linq c#,c# linq
remoting serialization .net c#,.net remoting
php,php
joomla openid php,joomla
c#-4.0,.net c#
windows-vista windows-xp windows-7 windows,dns
celery django,django
sql-server-ce query,sql-server vb.net
bsod memory,
encode perl,encoding html
apache2,apache
c#-4.0 silverlight silverlight-4.0 c#,silverlight silverlight-4.0
zend-framework css php,php zend-framework
haskell types,haskell
imageview drawable android,
silverlight,wcf
android,android
java,java
java,c#
asp.net .net,
remoting iis .net,iis
shared memory ipc,unix
asp.net c# javascript,asp.net c#
dataset .net c#,datatable
command-line php,command-line php
enums android java,android java
namespaces ruby-on-rails-3,ruby-on-rails
,
json bytearray c#,
itunes,
overflow c++ c,
pdf codeigniter php,
arch-linux dropbox terminal linux,linux ssh
assembly,
project-management,
sudo linux,
wkhtmltopdf wget cookies python,pdf
sorting document couchdb,
grails,grails sql
exception android,android
oracle arraylist prepared-statement jdbc java,java oracle
memory,memory
datetime serialization .net web-services,.net c# web-services
unit-testing php,unit-testing
php5 php javascript,
mysql,database mysql
build-process msbuild c#,c# winforms
scope javascript,javascript
dns windows-server-2003,dns
vb.net asp.net-mvc asp.net .net c#,asp.net
addclass hover jquery javascript,
dns,
curl post php,curl php
backbone.js,
profiling time profiler python,python time
groovy java,groovy
playframework-2.0,
refactoring intellij-idea java,
receiver service android,android
html5 performance javascript,performance
struts2,
facebook php,facebook facebook-like
mongodb,mongodb
algebra-precalculus,
object xml actionscript-3,c#
ajax jquery,ajax javascript jquery
opencl coding-style,
swing eclipse java,jar java
git,git git-pull merge
django-admin twitter-bootstrap django python application,django twitter-bootstrap
facebook-like html5 facebook-sharer facebook php,facebook html
limit calculus,
spam gmail,email
data.frame r,r
categories,
c++,c++
validation,
postgresql,permissions postgresql
google-maps,google-maps google-maps-api-3
javascript,
canvas html5 algorithm,html5
bugs python,string
replace regex html c#,regex
javascript,arrays javascript jquery
file ajax,ajax jquery
liferay,
timer cuda,cuda timer
php,email php
nsmutablearray xcode arrays objective-c iphone,
jquery-ajax jquery,javascript jquery
jquery-ajax wordpress mysql php,ajax wordpress
sql database query mysql php,mysql
android-layout android,
homework c++,c++
instantiation vb.net properties,
variables search php,php
prototype ctypes python winapi,python
javascript,
meta-tags c#,
drupal oauth facebook,drupal
html javascript,html javascript
linq c#,linq
spreadsheet controls wpf,wpf
mysql php,mysql
uitableview ios iphone,ios iphone
php,php
jquery-ui css jquery,css html javascript jquery
image jquery,jquery
youtube-api listview android,multithreading
python,encryption python
ruby winforms c# windows,
fluent-nhibernate,fluent-nhibernate nhibernate
imageview button image android,
integration-testing mocking unit-testing,unit-testing
xorg keyboard,keyboard usb
python-3.x qt python,
restore sql-server-2005,sql
primefaces jsf file-upload,
networking,
windows-phone-7,
caching image firefox internet-explorer,caching firefox internet-explorer javascript
domain multisite,wordpress
codeigniter php,class codeigniter
variables python,
jquery javascript,css
php,
primefaces jsf-2 jsf javascript,javascript
asp.net-mvc-4 asp.net-mvc,
asp.net,
imagemagick opencv iphone,iphone
driver hardware io,
qt4 qt,qt
sql-server-2008,sql
datetime asp.net-mvc-3,asp.net-mvc-3
graph-theory,
audio html5,
javascript,javascript
mongoid ruby-on-rails-3,
ruby-on-rails,cucumber
gui wxwidgets application,
css,
jit compilation .net,.net
sendmail centos,email
uiviewcontroller document ipad uiview ios,ipad
android,
internet-explorer-8 javascript,internet-explorer javascript jquery
preg-match multiline php,php regex
exception c#,
ruby ruby-on-rails-3 ruby-on-rails,class ruby
jquery javascript,
jquery,jquery
android,android
c,arrays c
outofmemoryexception encoding c#,
git,git
zend-framework mysql php,mysql sql
sql,group-by sql sql-server
global google-maps mootools javascript,google-maps javascript mootools
windows-server-2008-r2,windows-server-2008
windows,
vb.net sql sql-server-2005 .net,sql
solaris,
winforms .net c#,
android,
sql-server,sql-server
google-api eclipse google-maps android java,
eclipse,eclipse
upgrade jquery,javascript jquery
images facebook,wordpress
eclipse-plugin eclipse,eclipse
jqplot,
ruby-on-rails,ruby-on-rails
sharepoint-enterprise 2010 events,events sharepoint
c#,
windows-server-2008-r2 filter powershell script,
azure c#,
design vb.net,
css,html
amazon-ec2 windows-server-2008 sql-server-2008,amazon-ec2 sql-server
remote plugins json jquery validation,jquery
hyperlink copy-paste uitableviewcell iphone,ios iphone
tomcat6 cron tomcat permissions ubuntu,tomcat
html php javascript,php redirect
cron performance optimization mysql php,
lighttpd webserver fcgi php,
conflict parsing,
measure-theory homework,
iis wcf asp.net,http
rest jersey,
batch oracle prepared-statement jdbc,
casting function class java,java
batch-file vbscript html windows,html
angularjs html5 css html javascript,html
javafx-2 size css text,
mysql,mysql sql
compare string objective-c iphone,arrays objective-c
windows-7,matlab
charts,
osx,
group-policy active-directory,
android,
naming-conventions resharper,
java,java
crystal-reports printing,crystal-reports
opengl-es android java,opengl
android-activity android,
group-theory abstract-algebra,
gwt java,gwt
regex,regex
picture android java,
gateway proxy,
python linux,python
matlab linux,matlab
virtualization hosting iis asp.net php,http
compare .net c#,
database-connection c++,c++ database
audio objective-c,audio
asp.net c# validation,
probability-theory homework,
http sockets c#,http
2d nullpointerexception java,arrays java
linq c#-4.0 dynamic c#,c# linq
highlight div flash jquery,css html javascript jquery
sharedpreferences android,
automation jenkins,jenkins user
jaxb json,json
wpf,c# memory-management objective-c wpf
ruby-on-rails,c#
sql database query,sql
treeview .net-3.5 winforms c#,.net c# winforms
xib osx-lion xcode iphone,xcode
debian,debian python
internet-explorer-6 combobox jquery,jquery
silverlight wcf asp.net,asp.net silverlight xml
jquery,javascript jquery
solr,solr
svn,svn
division mysql php,php
redirect javascript,html javascript jquery
connection-pooling sockets java,
redis,
expression entity-framework-4 linq c#,c# linq
datepicker function php,
silverlight,
split object date r,
licensing vb.net,vb.net
cisco security,
seo google search-engine internationalization,
touch listener android,android
virtual-machine routing osx networking,osx
jsp java,
entity-relationship,
mfc visual-studio-2010 c++,
oracle11g sql,oracle
frameworks css,css
sql-server sql,sql xml
dynamics-crm dynamics-crm-2011,dynamics-crm dynamics-crm-2011
memory serialization object c#,
mysql php,mysql php
asp.net-mvc mvc,asp.net-mvc asp.net-mvc-3
c,
java,api java
r,
education c++ c,c c++
business,
multiple-monitors .net c#,.net c#
xslt xml html,xml xslt
ejb remote glassfish netbeans java,
image-processing,networking
php jquery,forms html jquery php
environment-variables ruby windows,windows
c#,c++
jquery javascript,
elementary-set-theory,
scope grails dns,
mysql,
tags cross-browser internet-explorer html,
binary-search-tree c,
vector database,
verbatim beamer,beamer
applet java,
maven eclipse java,maven
gcc visual-c++ c++,c++
google-maps android,android
mysql php,
events javascript,javascript jquery
authentication devise ruby-on-rails-3,devise ruby-on-rails
r,
html php jquery javascript,internet-explorer
,image
asp.net-mvc,
google asp.net,
php,
php,
subdomain node.js asp.net-mvc asp.net,
vb6,vb6
sql-server-2008 sql database query,mysql query sql sql-server
css html javascript,
homework python,python
mongodb django,
cross-browser css html javascript,
number-theory,
google-maps-api-3 eclipse google-maps android java,android google-maps google-maps-api-3 jquery
master-pages asp.net css,asp.net
dom recursion javascript,
serversocket multithreading java,
web-applications,
custom-field migration,
actionscript-3,actionscript-3
asp.net-mvc-2 css mvc,css
hardware android,
android-layout android,android
asp.net-mvc-3 asp.net-mvc jquery javascript,javascript
webserver website,
simplexml arrays xml php,arrays php
scope function variable-scope variables jquery,
nginx,nginx
swing java,
path servlets tomcat jsp,tomcat
ado.net c#,
,
ios objective-c iphone,
cron,
internet-explorer css,css
django-views django-templates django python,django
safari forms apple ios,image ios safari
django,django python
android-listview android-layout xml android java,android listview
numbers jquery,jquery
wildcard subdomain dns .htaccess php,
iphone,iphone
rest json ruby,json
tfs2010 tfs,tfs
parsing checkbox arrays html php,parsing
spring maven eclipse project,java spring
apache,xslt
http rest jersey delete,
collections java,java
jquery javascript,javascript
,
ldap active-directory security java,
facebook-graph-api facebook xcode objective-c,facebook facebook-graph-api
process unix,unix
asp.net xml,xslt
node.js,c# node.js
sqlite listview android java,android listview sqlite
android,
matrix c++,c++
orm jpa hibernate database java,c# hibernate java
virtualhost apache2,apache2
sqlite couchdb database android ios,sqlite
annotations hibernate java,hibernate java
eclipse-rcp eclipse-plugin eclipse,javascript
plone,installation
asp.net-mvc asp.net,asp.net-mvc
windows-xp,
mysql php,mysql sql
hex casting types postgresql,c#
vb6,
xslt xml .net html c#,.net html xml xslt
jquery,javascript jquery
sqlite sqlite3,sqlite
django-admin web-applications django,django django-admin
resolution video,video
junit gradle unit-testing logging java,unit-testing
tracking flash,flash
facebook android,
virtual-machine multiple-monitors mouse virtualbox keyboard,
ms-access database,
dataset sql-server database .net,
http,http
entity-framework java,.net entity-framework entity-framework-4 java
ipv6,
wcf .net c#,sql sql-server stored-procedures wcf
nsurl nsxmlparser objective-c iphone,
cron dns script ubuntu,
facebook php,facebook facebook-graph-api
memory-allocation memory air flex4 image,air
7zip zip c#,c#
angularjs,http
ruby javascript,ajax forms javascript ruby ruby-on-rails
arrays c++,arrays
django,file-upload image upload
beamer,beamer
syntax string html php,html php string
vb.net asp.net,
sdk android,
contact emulator android,android
glassfish jms java,
ms-word replace c# text,c#
c#,
ssrs-2008 reporting-services,sql
mediaelement.js,audio firefox flash
cursor jpa-2.0 tsql java-ee stored-procedures,sql-server stored-procedures
solr,solr
forms ruby-on-rails-3 ruby-on-rails,forms ruby-on-rails ruby-on-rails-3
css3 webkit javascript ios,css3
url ssl,ssl
ruby regex,regex
download wget,download
iframe html javascript,
live-streaming ffmpeg,android
colors message text java,
knockout.js html javascript,html jquery
uiwebview ios objective-c,ios iphone objective-c
sorting ruby,ruby
ruby-on-rails jquery,javascript jquery ruby-on-rails
vb.net asp.net,asp.net
maven jboss7.x,java
oop winforms c#,c# datagridview winforms
android-listview android-button android,android
coffeescript inline iteration,
java,
solr hosting search apache,apache apache2 solr
web service iphone,iphone web-services
charts flash javascript,javascript xml
xml c++,xml
xml php,java php
oracle,oracle
plot vba excel,
excel xml,excel xml
python-3.x random regex python,regex
