Tags,Counts
.bash-profile,1
.htaccess,41
.htpasswd,1
.net,243
.net-1.1,2
.net-2.0,6
.net-3.5,10
.net-4.0,9
.net-4.5,1
.net-assembly,3
.net-framework,2
.net-framework-version,1
2-way-object-databinding,1
2007,4
2010,9
2013,1
2d,5
2d-array,1
3.0,1
32-bit,2
32bit-64bit,1
3d,8
3d-graphics,1
3d-model,1
3d-modelling,1
3d-reconstruction,1
3des,1
3dsmax,1
3g-network,1
404,1
404-error,1
4k-sectors,1
502-error,1
64-bit,1
64bit,5
7zip,3
8086,1
960.gs,1
a-star,1
aapt,1
abap,1
abcpdf,1
abelian-groups,2
abort,2
absolute-positioning,1
abstract,1
abstract-algebra,16
abstract-class,1
abstract-factory-pattern,1
abstract-syntax-tree,2
abstraction,1
abstracttablemodel,1
accelerate-framework,1
acceleration,1
accelerometer,2
acceptance-testing,1
access,1
access-token,2
access-vba,3
accessibility,1
accessor,1
accessory,1
accessoryview,1
accordion,2
account,2
accounting,2
accounts,1
achievements,1
acid,1
ack,1
acl,2
acm,1
action,5
actionbarsherlock,1
actioncontroller,1
actionlistener,2
actionmethod,2
actionscript,10
actionscript-2,2
actionscript-3,53
actionview,1
activation,1
active,2
active-directory,19
active-model-serializers,1
activemq,3
activemq-cpp,1
activerecord,19
activerecord-relation,1
activeresource,2
activex,1
activity,10
activity-diagram,1
activity-finish,1
activity-lifecycle,1
actor,2
actor-model,1
adapter,2
adb,2
add,2
add-action,2
add-filter,1
add-in,4
addclass,4
addeventlistener,2
addition,1
addon-domain,1
address-bar,1
address-book,1
addressbook,1
addsubview,1
adfs,1
adhoc,1
admin,2
administration,2
administrator,2
admob,1
ado.net,12
ado.net-entity-data-model,1
adobe,7
adobe-air,1
adobe-cs5,3
adobe-illustrator,2
adobe-indesign,1
adobe-photoshop,4
adodb,1
ads,1
adsense,1
adsl,1
adsl-router,1
adt,2
advertisement,1
advertising,1
aero,1
aes,2
afp,1
agent-ransack,1
aggregate-functions,7
agi,1
agile,5
agpl,1
aio-write,1
air,13
aix,2
ajax,113
ajax.net,1
ajaxcontroltoolkit,3
ajaxform,1
ajaxtoolkit,3
akka,2
alarmmanager,4
alert,2
alerts,2
algebra,1
algebra-precalculus,12
algebraic-curves,1
algebraic-geometry,11
algebraic-graph-theory,1
algebraic-number-theory,4
algebraic-topology,7
algorithm,45
algorithms,2
alias,2
aliens,1
align,2
alignment,2
allegro,1
allocation,1
alloy-ui,1
alpha,1
alpha-transparency,1
alsa,1
alt,1
alter-table,1
alternate-access-mapping,1
alternative-medicine,1
amazon,5
amazon-cloudfront,3
amazon-cloudsearch,1
amazon-dynamodb,1
amazon-ebs,1
amazon-ec2,11
amazon-ecs,1
amazon-elastic-ip,1
amazon-rds,1
amazon-s3,5
amazon-simpledb,1
amazon-web-services,10
amd,2
amember,1
amf,1
ami,1
ampersand,1
amsart,1
amsmath,1
amsthm,1
anaconda,1
analog,1
analysis,7
analytic-functions,1
analytic-geometry,1
analytics,1
anchor,5
andengine,3
android,567
android-actionbar,3
android-activity,8
android-alarms,1
android-alertdialog,1
android-animation,2
android-arrayadapter,2
android-asynctask,7
android-button,4
android-c2dm,1
android-calendar,1
android-camera,5
android-camera-intent,1
android-contentprovider,1
android-contentresolver,1
android-cursor,1
android-custom-view,1
android-dialog,3
android-dialogfragment,2
android-droidtext,1
android-edittext,1
android-emulator,10
android-file,1
android-fonts,2
android-fragments,5
android-fullscreen,1
android-gridview,1
android-imageview,1
android-input-method,1
android-install-apk,1
android-intent,18
android-internet,1
android-keypad,1
android-layout,30
android-lifecycle,1
android-linearlayout,1
android-listview,4
android-manifest,3
android-mapview,1
android-market,2
android-mediaplayer,1
android-ndk,7
android-optionsmenu,1
android-permissions,1
android-preferences,1
android-progressbar,2
android-scrollbar,1
android-sdcard,2
android-sdk-2.1,1
android-sdk-2.2,1
android-sdk-2.3,1
android-softkeyboard,1
android-source,1
android-stylesheeets,1
android-support-library,1
android-tabactivity,1
android-tablelayout,1
android-textview,1
android-view,2
android-viewpager,1
android-webview,4
android-widget,16
android-wifi,2
android-xml,2
angularjs,8
angularjs-directive,1
animated,2
animation,15
annotation-processing,1
annotations,4
anonymous-authentication,1
anonymous-class,1
anonymous-types,2
ansi,1
ant,12
ant-contrib,1
anti-spam,1
anti-virus,1
antialiasing,1
antlr,7
antlr3,3
antlrworks,1
aop,3
apache,47
apache-axis,1
apache-camel,1
apache-commons,2
apache-felix,1
apache-fop,1
apache-httpclient-4.x,1
apache-httpcomponents,1
apache-poi,4
apache2,41
apc,1
apex-code,2
api,39
apk,2
apns,2
app-store,5
appcmd,1
appcompat,1
appdomain,3
append,1
appender,1
appfabric,1
appharbor,2
apple,8
apple-push-notifications,2
applescript,6
applet,6
application,23
application-bar,1
application-pages,1
application-pool,2
application-pools,1
application-settings,2
apply,1
approximation,1
apps,1
appscript,1
appstore-sandbox,1
appwidget,1
apt-get,1
aptana,6
arabic,1
arcgis,2
arcgis-server,1
arch-linux,3
architecture,12
archive,1
arcserve,1
arduino,5
area,1
area-51,1
areas,1
arel,1
arg,1
argparse,1
argument-passing,1
arguments,4
arithmetic-geometry,1
arm,2
armadillo,1
arp,2
array-map,1
array-merge,1
array-sorting,2
arraylist,8
arrays,74
arrow-keys,1
article,1
artifactory,1
artifacts,1
artificial-intelligence,3
asana,1
asihttprequest,1
asmock,1
asp-classic,9
asp.net,296
asp.net-4.0,1
asp.net-ajax,6
asp.net-membership,3
asp.net-mvc,103
asp.net-mvc-2,20
asp.net-mvc-3,64
asp.net-mvc-3-areas,1
asp.net-mvc-4,14
asp.net-mvc-routing,4
asp.net-routing,1
asp.net-web-api,6
asp.net-web-api-routing,1
asp.net-webforms,3
aspect-ratio,1
aspx,1
aspxgridview,1
assemblies,3
assembly,11
assert,1
asset-pipeline,1
assets,2
assign,1
assignment-operator,1
associations,1
ast,1
asterisk,3
astronomy,1
asus,1
asymptotics,1
async-await,2
async-ctp,1
asyncfileupload,1
asynchronous,16
asyncsocket,2
atk4,1
atoi,1
atom,1
atomic,3
attachedbehaviors,1
attachment,1
attachments,3
attr,2
attributeerror,2
attributes,4
auctex,1
audio,25
audio-streaming,2
audioqueue,1
audioqueueservices,1
audiotoolbox,1
audit,2
augmented-reality,2
authentication,30
authlogic,1
authorization,4
auto,1
auto-generate,1
auto-increment,1
auto-login,1
auto-update,3
autobahn,1
autocomplete,10
autocompletetextview,1
autofac,2
autofocus,6
autoformatting,1
autohotkey,2
autoindent,1
autolayout,2
autoload,2
autologin,1
automake,1
automapper,3
automata,1
automated-install,1
automated-tests,2
automatic,3
automation,5
automator,1
automount,1
autoplay,1
autopostback,1
autorun,1
autosave,1
autosuggest,1
autotest,1
autotools,2
avalondock,1
avatar,1
avaudiorecorder,1
average,3
avg-antivirus,1
avr,2
avr-gcc,1
avx,1
awk,8
awstats,1
awt,1
axapta,1
axiom-of-choice,1
axis,5
axis2,4
azure,15
azure-appfabric,2
azure-caching,1
azure-storage-blobs,2
azure-storage-tables,1
azure-worker-roles,1
azureservicebus,1
back-button,1
back-focus,1
back-illuminated,1
backbone-events,1
backbone-views,1
backbone.js,19
backbone.js-collections,1
backbone.marionette,2
backend,2
background,9
background-color,3
background-image,4
background-process,1
background-size,1
backgroundworker,3
backup,19
backup-restoration,1
backwards-compatibility,1
bad-sectors,1
bamboo,1
banach-algebras,1
banach-spaces,2
bandwidth,1
banner,1
barcode,2
barcode-scanner,1
bare-metal,1
base,2
base36,1
base64,3
bash,49
basic,1
basic-authentication,1
batch,6
batch-file,8
batch-insert,1
batch-processing,1
bayesian,1
bbcode,1
bcmath,1
bcp,1
bcrypt,2
bcrypt-ruby,1
bcs,1
bdd,3
beamer,9
beamerposter,1
bean-validation,1
beansbinding,1
beanstalkd,1
beautifulsoup,1
behavior,1
benchmarking,2
berkeley-db,2
best-practices,1
beta,1
between,2
beyondcompare,1
bezier,1
bezier-curve,1
bho,1
biber,1
biblatex,2
bibliographies,1
bibtex,1
big-list,2
big-o,2
bigdata,1
bilinear-form,1
billing,1
bimap,1
bin,1
binary,10
binary-search,1
binary-search-tree,5
binary-tree,2
binaryfiles,2
bind,2
binding,18
bindinglist,2
binomial-coefficients,3
binutils,1
bioinformatics,2
biology,1
bios,2
bit-manipulation,1
bitblt,1
bitbucket,1
bitmap,10
bitmapdata,1
bitmapfactory,1
bitmapimage,1
bitmapsource,1
bitrate,1
bittorrent,2
bitwise,4
bitwise-operators,1
biztalk,1
biztalk2006r2,1
bjam,2
black-screen-of-death,1
blackberry,18
blackberry-10,1
blackberry-eclipse-plugin,2
blackberry-storm,1
blank,2
blank-page,1
blazeds,1
blekko,1
blender,1
bll,1
blob,2
blobs,1
block,1
blocking,2
blockui,1
blog,1
blogger,4
blogs,3
bloomberg,1
blu-ray,1
bluehost,1
bluetooth,12
blur,1
bmp,1
boilerpipe,1
bold,1
bonjour,1
bookmarks,2
books,9
boolean,2
boolean-algebra,1
boolean-expression,1
boolean-operations,1
boost,15
boost-asio,2
boost-bind,1
boost-log,1
boost-spirit,1
boost-thread,2
boost.build,1
boot,18
boot-camp,1
boot-loader,1
bootable,2
bootable-media,1
bootloader,3
bootmgr,1
bootstrapper,1
border,2
bottle,1
bounded-variation,2
bounding-box,1
bounds,3
box-shadow,1
box2d,2
box2d-iphone,3
boxee,1
boxplot,1
bpel,1
bpgsql,1
bpm,1
branch,3
branding,2
breakpoints,1
breeze,1
breezingforms,1
bridge,1
brightness,1
brightscript,1
broadcast,2
broadcastreceiver,2
broken-pipe,1
broker,1
browser,15
browser-addons,2
browser-automation,1
browser-cache,2
browser-compatibility,3
browser-plugin,2
brute-force,1
brute-force-attacks,1
bsddb,1
bsod,6
btrfs,1
bubble-sort,1
buddypress,1
buffer,3
bufferedreader,2
bug-tracker,1
bug-tracking,1
bugs,3
build,16
build-dependencies,1
build-process,4
build-script,1
builder,1
buildout,1
buildroot,1
bulkinsert,1
bundle,2
bundler,3
bus-error,1
business,6
business-logic,1
button,14
buttonclick,1
bxslider,1
byte,3
bytearray,4
bytecode,2
c,138
c#,745
c#-3.0,6
c#-4.0,28
c#-5.0,1
c++,344
c++-cli,6
c++0x,2
c++11,12
c++builder,1
c++builder-xe2,1
c-api,1
c3p0,1
c99,1
ca,1
caanimation,1
cabal,2
cables,1
cache,6
caching,28
cairo,2
cakephp,18
cakephp-1.3,2
cakephp-2.0,1
cakephp-2.2,1
cakephp-2.3,1
calculated-column,1
calculator,2
calculus,25
calendar,8
calendarview,1
calibration,1
caliburn.micro,1
call,1
callback,7
calling,1
calling-convention,2
camera,5
camera-calibration,1
camera-controls,1
can,1
cancel,3
cancellation,1
canjs,1
canon,2
canon-450d,1
canon-500d,1
canvas,10
cap,2
capistrano,2
cappuccino,1
capslock,1
captcha,2
caption,1
captions,2
capture,3
capybara,2
capybara-webkit,1
card-reader,1
cardinals,2
career-development,2
career-transition,1
carousel,2
carrierwave,2
cas,2
cascading,1
cascading-deletes,1
cascadingdropdown,1
case-sensitive,1
casperjs,1
cassandra,1
casting,13
castle,1
castle-dynamicproxy,1
castle-windsor,5
cat6,1
catalyst,1
catch-all,1
catch-block,1
categories,4
categorization,1
category-theory,1
cc.complexity-theory,2
ccsprite,1
cdn,2
cdt,1
celery,3
cell,3
celluloid,1
center,2
centos,15
centos5,2
centos6,1
central-administration,1
certificate,7
certificate-authority,2
certificates,1
cfgrid,1
cfstoredproc,1
cgal,1
cgcontext,1
cgi,2
cgpath,1
challenge,1
change-password,2
channel,1
chapters,1
char,5
character,3
character-encoding,9
characters,2
chars,1
charts,12
chat,2
cheap,1
check,1
checkbox,14
checkboxes,1
checkboxlist,1
checked,2
checkin,2
checking,1
checkout,1
checkstyle,1
chef,1
chef-recipe,1
chemistry,1
cherrypy,1
child,1
child-theme,2
childbrowser,1
children,2
chm,1
chmod,1
choice-field,1
choicefield,1
chutzpah,1
cifs,1
cilk,1
circle,4
circular-buffer,2
circular-reference,1
cisco,5
cisco-vpn-client,1
citing,1
citrix,2
ckeditor,3
clang,1
class,34
class-design,2
class-method,1
class-methods,1
classical-mechanics,1
classloader,1
classnotfoundexception,2
classpath,4
clause,1
clean-urls,2
cleaning,1
cleanup,1
clear,2
clearcase,2
click,7
clickonce,4
client,7
client-server,2
client-side,1
client-side-validation,2
clip,2
clipboard,4
clipping,1
clisp,1
clob,1
clojure,4
clone,1
close,1
closed-form,1
closures,3
cloud,6
cloud-hosting,1
cloudbees,2
cloudflare,1
cloudfoundry,2
clr,4
cluster,1
cluster-analysis,1
cluster-computing,2
clustering,3
cmake,3
cmath,1
cmd,3
cmdlets,1
cmmotionmanager,1
cmos,1
cmos-image-sensor,1
cms,1
cname,1
cname-record,1
co.combinatorics,2
cobertura,1
cocoa,36
cocoa-design-patterns,1
cocoa-touch,36
cocoon,1
cocos2d,9
cocos2d-iphone,13
cocos2d-x,1
coda,2
code-access-security,2
code-analysis,1
code-behind,2
code-comments,1
code-complexity,1
code-composer,1
code-contracts,2
code-coverage,2
code-editor,1
code-efficiency,1
code-first,2
code-first-migrations,1
code-formatting,1
code-generation,3
code-hinting,1
code-metrics,1
code-navigation,1
code-quality,2
code-reuse,1
code-review,4
code-security,1
code-snippets,2
code-visualization,1
codeblocks,1
codec,2
codeigniter,37
codeigniter-2,1
codenameone,1
codepages,1
codepoint,1
codesniffer,1
coding,1
coding-style,10
coding-theory,1
coffeescript,4
coldfusion,6
coldfusion-9,1
collabnet,1
collage,1
collapsable,1
collapsed,1
colleagues,1
collections,13
color,2
colorbox,2
colors,12
colspan,1
columns,3
com,8
com-interop,2
combinatorics,12
combobox,7
comet,2
comma-separated-list,1
command,4
command-line,27
command-line-arguments,1
command-line-tool,1
command-prompt,2
comments,9
commit,3
common-lisp,2
common-table-expression,1
communication,3
commutative-algebra,3
compact-disc,2
compact-framework,4
comparable,1
compare,6
comparing,1
comparison,6
compass,1
compass-css,2
compass-geolocation,1
compatibility,5
compatibility-mode,1
compilation,7
compile,1
compiled,1
compiler,14
compiler-constants,1
compiler-errors,11
compiler-optimization,1
compiler-warnings,5
compilers,2
compiz,1
complex-analysis,8
complex-numbers,3
complexity-classes,1
complextype,1
components,3
compose-key,1
composite,1
composite-component,2
compress,1
compression,11
computational-geometry,1
computational-mathematics,1
computer-algebra-systems,1
computer-architecture,1
computer-building,4
computer-science,5
computer-vision,2
concat,1
concatenation,3
concave,1
conceptual,1
concurrency,7
concurrent-programming,1
concurrentmodification,1
condition,2
conditional,4
conditional-content,1
conditional-formatting,1
conditional-statements,1
conditionals,2
config,2
configuration,11
configuration-files,2
confirm,1
conflict,5
connect,2
connection,11
connection-leaks,1
connection-pooling,3
connection-string,2
connection-timeout,2
connectivity,1
conntrack,1
consistency,1
console,8
console-application,2
const,2
const-correctness,1
constants,3
constraints,2
constructor,5
constructor-chaining,1
consumer,2
consumption,1
contact,3
contact-form-7,1
contacts,4
containable,1
containers,1
contains,1
content,5
content-assist,2
content-deployment,1
content-editor-web-part,2
content-management-system,7
content-type,4
contentpresenter,1
contentproperty,1
contenttype,1
context,2
context-mkiv,1
contextmenu,4
continuation-passing,1
continuations,1
continuity,1
continuous-deployment,1
continuous-integration,4
contour,2
control,3
control-flow,1
controller,12
controls,4
controltemplate,1
convergence,3
conversion,4
convert,1
converter,1
convex-analysis,1
cookies,20
coordinate,1
coordinate-systems,2
coordinate-transformation,1
coordinates,2
copy,6
copy-local,1
copy-paste,3
copy-protection,1
copyright,1
corba,1
cordova,7
cordova-2.0.0,1
core,2
core-animation,4
core-audio,3
core-data,23
core-data-migration,1
core-graphics,3
core-location,2
core-motion,1
core-plot,3
core-text,2
coredump,1
coreldraw,1
corners,1
cornerstone,1
corona,1
correctness,1
correlation,2
corruption,4
cost,1
couchapp,1
couchdb,6
count,7
counter,3
counter-cache,1
counters,1
coupon,1
cout,2
covariance,1
coverflow,2
coverity-prevent,1
cpan,1
cpanel,2
cppunit,1
cprofile,1
cpu,5
cpu-cache,1
cpu-usage,2
cq5,1
crash,5
crawler,2
createfile,2
creating,1
creative-commons,1
credentials,1
crime,1
criteria-api,1
crl,1
crm,4
cron,11
crontab,1
cropping,1
cross-browser,14
cross-compiling,2
cross-domain,3
cross-platform,4
cross-threading,1
crossdomain.xml,1
crud,2
cruisecontrol,2
crypto++,1
cryptography,8
cryptsetup,1
crystal-reports,13
crystal-reports-10,1
crystal-reports-2010,1
crystal-reports-server,1
crystal-reports-xi,1
cs5,2
css,233
css-animations,1
css-float,3
css-gradient,1
css-selectors,3
css-transitions,3
css3,26
cstring,1
csv,13
ctrl,2
ctype,1
ctypes,3
cube,1
cublas,1
cucumber,7
cuda,12
culture,1
cultureinfo,1
cups,1
curl,20
curl-multi,1
currency,2
currency-formatting,1
cursor,4
custom-attributes,3
custom-cell,1
custom-component,1
custom-controls,4
custom-data-attribute,1
custom-error-pages,1
custom-errors,1
custom-field,4
custom-fields,1
custom-list,2
custom-masterpage,1
custom-object,2
custom-post-types,4
custom-server-controls,2
custom-taxonomy,9
custom-timer-job,1
custom-titlebar,1
custom-write-panel,1
customization,2
customvalidator,1
cut,1
cwnd,1
cxf,3
cycle,2
cygwin,3
cyrillic,1
cython,1
d,1
d3.js,3
daemon,2
dart,1
dart-html,1
darwin,1
dashcode,1
data,11
data-access,1
data-access-layer,1
data-annotations,1
data-binding,21
data-compression,1
data-dump,1
data-extraction,1
data-form-web-part,1
data-migration,1
data-mining,2
data-modeling,1
data-persistence,1
data-recovery,4
data-structures,16
data-synchronization,1
data-transfer,1
data-type-conversion,1
data-warehouse,1
data.frame,3
data.table,1
database,98
database-backups,1
database-connection,6
database-design,15
database-first,1
database-fragmentation,1
database-migration,1
database-performance,1
database-project,3
database-relations,1
database-restore,1
database-schema,1
datacontext,3
datacontract,2
datagrid,7
datagridtemplatecolumn,1
datagridview,14
dataimporthandler,1
datakey,1
datalength,1
datalist,1
datamapper,1
datamodule,1
datareader,1
datarelation,1
datarow,1
dataset,8
datasnap,1
datasource,3
datastore,2
datatable,10
datatables,2
datatables.net,2
datatemplate,2
datatool,1
datatrigger,2
date,22
datefield,1
dateformat,2
datepicker,4
datetime,24
datetimepicker,1
days,1
db2,3
db4o,1
dbcc,1
dbcommand,1
dbcontext,2
dbi,1
dbus,1
dcpromo,1
dd-wrt,1
ddl,1
ddos,4
ddr3,1
deactivate,1
dead-reckoning,1
debian,23
debian-based,1
debug,1
debug-symbols,2
debugging,27
decimal,2
decision-tree,1
declaration,2
declarative,1
declare,1
decode,4
decoding,1
decompiling,1
decompression,3
decrypt,2
dedicated,1
deep-copy,1
deep-linking,1
default,4
default-value,1
defensive-programming,1
definite-integral,4
definition,2
deflate,1
delay,3
delayed-job,2
delegatecommand,1
delegates,9
delete,6
delete-row,1
delicious,1
delimited-continuations,1
delimiter,2
dell,3
dell-inspiron,1
dell-poweredge,2
dell-precision,1
delphi,35
delphi-2010,2
delphi-5,1
delphi-6,1
delphi-7,5
delphi-xe,2
delphi-xe2,3
delphi-xe3,1
delta,1
demonstration,1
denormalization,1
dependencies,5
dependency-injection,9
dependency-management,2
dependency-properties,2
deployment,13
deprecated,1
depth,1
depth-first-search,1
derby,2
dereference,1
derivatives,6
derived-class,1
description,1
deserialization,1
design,25
design-by-contract,1
design-patterns,17
designer,1
desktop,3
desktop-application,1
desktop-background,1
desktop-computer,3
desktop-shortcut,1
destructor,1
detection,1
developer,1
developer-tools,2
development,1
development-cycle,1
development-environment,3
development-methodologies,1
development-tools,1
devexpress,8
devexpress-windows-ui,1
device,3
device-driver,1
device-manager,1
devices,1
devise,7
devise-confirmable,1
dhcp,2
dhcp-server,1
dhtmlx,1
diacritics,2
diagnostic,1
diagonal,1
diagram,1
dialog,4
dicom,1
dictionary,5
diff,7
differential-equations,4
differential-forms,1
differential-geometry,4
differential-operators,1
differential-topology,1
dig,1
digest,1
digit,1
dijit,3
diophantine-equations,1
direct3d,2
directdraw,1
directed-acyclic-graphs,2
direction,1
directory,10
directory-structure,1
directoryinfo,1
directshow,5
directshow.net,2
directsound,1
directx,8
disable,3
disabled,1
disassembly,1
discovery,1
discrete-mathematics,6
disk,5
disk-io,1
disk-space,1
disk-utility,1
diskspace,2
dispatcher,1
display,5
display-block,1
display-settings,1
displaytag,3
distance,2
distinct,1
distinguishedname,1
distributed-computing,2
distributed-transactions,1
distribution,3
distribution-lists,1
distutils,1
div,18
div-layouts,3
divide-and-conquer,2
divide-by-zero,1
divisibility,1
division,3
django,108
django-1.2,1
django-admin,8
django-admin-filters,1
django-ajax-selects,1
django-cache,1
django-celery,1
django-cms,3
django-database,1
django-forms,10
django-generic-views,2
django-haystack,2
django-middleware,1
django-models,14
django-mptt,2
django-orm,2
django-paypal,1
django-piston,1
django-queryset,3
django-settings,1
django-staticfiles,1
django-templates,7
django-testing,1
django-tinymce,1
django-views,5
dll,19
dll-injection,1
dllexport,2
dllimport,4
dma,1
dmg-image,1
dml,1
dns,30
doc,1
dock,1
dockable,1
doctest,1
doctrine,8
doctrine2,4
doctype,1
document,5
document-classes,1
document-classification,1
document-library,4
document-ready,1
documentation,10
documentclass-writing,1
documents,1
documentum,3
docx,2
doevents,1
dojo,8
dojox,1
dojox.grid,1
dojox.grid.datagrid,1
dollar-sign,1
dom,20
domain,5
domain-controller,2
domain-driven-design,2
domain-mapping,1
domain-name,1
domainservices,1
domdocument,1
domexception,1
domino,1
domparser,1
dompdf,2
dot-emacs,2
dotnetnuke,6
dotnetnuke-module,1
dotnetopenauth,3
double,6
double-brace-initialize,1
double-precision,1
dovecot,1
download,10
dozer,1
dpi,2
dpkg,1
drag,1
drag-and-drop,7
draggable,8
draw,2
drawable,5
drawing,5
drawrect,2
dreamhost,2
dreamweaver,7
drive,1
driver,3
drivers,4
drm,1
drools,1
drools-planner,1
drop,1
drop-down-menu,11
dropbox,4
dropbox-api,2
dropdown,1
droppable,1
dropshadow,1
drupal,24
drupal-6,7
drupal-7,7
drupal-forms,1
drupal-modules,2
drupal-render,1
drupal-taxonomy,1
drupal-views,2
drush,1
dry,1
ds.algorithms,1
dsl,1
dslr,1
dtd,1
dto,1
dts,1
du,1
dual-boot,1
dump,2
duplicates,7
durability,1
dvi,1
dvorak,1
dwm,1
dword,1
dyld,2
dylib,2
dymamic,1
dynamic,16
dynamic-data,1
dynamic-jasper,1
dynamic-linking,4
dynamic-programming,2
dynamic-queries,1
dynamic-websites,1
dynamical-systems,1
dynamicproxy,1
dynamics-ax-2009,1
dynamics-crm,7
dynamics-crm-2011,7
dynamics-crm-4,2
dynamics-crm-online,2
e-commerce,2
each,1
eager-loading,1
ear,1
easy-install,1
easyb,1
ebay,2
ebnf,1
ecc,1
echo,2
eclipse,103
eclipse-gef,1
eclipse-pde,1
eclipse-plugin,11
eclipse-rcp,4
eclipse-wtp,1
eclipselink,4
ecm,1
ecmascript-5,2
economics,2
edge-detection,1
edi,1
edit,1
editing,2
editor,7
editors,2
editpad,1
edittext,2
edt,1
education,4
ef-code-first,5
ef-migrations,1
effects,1
efi,1
egit,3
eigenvalues,2
eigenvectors,1
ejb,4
ejb-3.0,3
ejb-3.1,1
ejbql,1
eject,1
ejs,2
el,2
elapsed,1
elastic-beanstalk,2
element,4
elementary-number-theory,9
elementary-set-theory,9
elevation,1
elisp,3
elliptic-curves,1
elmah,1
emacs,14
emacs23,1
emacs24,1
email,35
email-headers,2
email-notifications,1
email-validation,1
emailserver,2
embed,1
embedded,10
embedded-linux,3
embedded-resource,2
embedding,1
ember-data,2
ember.js,3
emberdata,1
emberjs,1
emc,1
emgucv,1
emma,1
emoji,1
empty,1
emr,1
emulator,6
encapsulation,2
encode,3
encoding,14
encryption,20
encryption-symmetric,1
end-to-end,1
ender,1
endless,1
endpoint,1
energy,1
engine,1
engineyard,1
enter,1
enterprise,2
enterprise-architect,1
enterprise-architecture,1
enterprise-development,1
enterprise-library,1
entitlements,1
entity,4
entity-attribute-value,1
entity-framework,39
entity-framework-4,14
entity-framework-4.1,4
entity-framework-5,3
entity-relationship,4
entitymanager,1
entry,1
enumerate,2
enums,7
environment-variables,7
environmental-health,1
environments,5
eof,1
episerver,1
episerver-6-r2,1
epoch,1
epoll,1
equality,2
equalizer,1
equals,1
equation,2
equations,1
equipment-recommendation,2
erb,2
ergonomics,1
erlang,3
error-handling,7
error-message,3
errors,6
esb,4
escaping,9
esri,1
estimation,1
ethernet,4
ethics,1
etl,1
euclidean-geometry,1
eulers-number,1
eval,3
evaluation,1
event-dispatch-thread,1
event-handling,5
event-log,3
event-loop,1
event-receivers,2
eventaggregator,1
eventmachine,1
events,35
evernote,2
everyauth,1
exam,2
example,1
examples-counterexamples,1
exc-bad-access,1
excanvas,1
excel,42
excel-2003,1
excel-2007,2
excel-2010,2
excel-2011,1
excel-formula,1
excel-interop,1
excel-vba,9
exception,17
exception-handling,8
exchange,7
exchange-2003,1
exchange-2007,2
exchange-2010,1
exchange-server,2
exchange-transition,1
exchangewebservices,1
exe4j,1
exec,1
exec-bad-access,1
executable,6
execute,2
executenonquery,1
executereader,1
executescalar,1
execution,4
executorservice,1
execvp,1
exercises,1
exif,1
exim,1
exists,3
exit-code,1
exp-time-algorithms,1
expand,1
expandablelistview,4
expander,1
expansion,3
expansion-files,1
explode,2
export,4
exporter,1
express,10
express.js,1
expression,3
expression-blend,4
expression-trees,1
ext3,1
ext4,2
extends,2
extern,1
external,4
external-hard-drive,2
extinction-event,1
extjs,16
extjs-mvc,1
extjs3,1
extjs4,6
extjs4.1,1
extjs4.2,1
extract,2
ezpublish,1
f#,5
facebook,82
facebook-android-sdk,2
facebook-apps,2
facebook-batch-request,1
facebook-canvas,1
facebook-connect,2
facebook-fanpage,1
facebook-fql,1
facebook-graph-api,27
facebook-insights,1
facebook-ios-sdk,1
facebook-javascript-sdk,3
facebook-like,8
facebook-login,2
facebook-oauth,1
facebook-opengraph,2
facebook-php-sdk,2
facebook-sharer,3
facebook-social-plugins,1
facebox,1
facelets,3
faceted-search,1
facets,1
factorial,1
factoring,2
factory,1
factory-girl,1
factory-method,1
factorygirl,1
fade,1
fadein,2
fadeout,1
failover,1
fallback,1
family,1
fancybox,8
fann,1
fast,1
fast-enumeration,1
fast-for-sharepoint,1
fastcgi,3
fastercsv,1
fatal-error,1
favicon,1
fbconnect,2
fbml,1
fbo,1
fcgi,3
fckeditor,2
feature,1
feature-extraction,1
features,2
fedora,6
feed,1
feedback,2
feeds,1
fetch,2
fetched-property,1
ffmpeg,9
fft,2
fftw,1
fibonacci,1
fiddler,2
field,4
field-theory,2
fields,2
fields-for,1
fieldset,2
figure,1
file,39
file-association,1
file-copy,2
file-descriptors,1
file-download,1
file-extension,2
file-format,1
file-io,14
file-management,2
file-manager,1
file-organization,1
file-permissions,1
file-sharing,4
file-system,2
file-transfer,2
file-upload,17
file-writing,2
filenames,4
filepath,1
filereader,1
files,2
fileserver,1
filesize,3
filestream,2
filesystem-corruption,1
filesystemobject,1
filesystems,12
filesystemwatcher,1
filewriter,1
film,1
filter,8
filtering,2
filters,5
final,1
finalizer,2
finally,1
finance,2
finch,1
find,8
find-and-replace,1
find-if,1
findall,1
finder,1
findstr,1
finite-differences,1
finite-fields,2
finite-groups,3
finite-state-machine,1
firebird,1
firebreath,1
firebug,2
firebug-lite,1
firefox,40
firefox-addon,1
firefox-extensions,2
firefox-os,1
firefox-sync,1
firemonkey,1
firewall,8
firewatir,1
firewire,1
fireworks,1
first-order-logic,1
fix,1
fixed,1
fixed-point,1
fla,1
flags,1
flash,45
flash-builder,2
flash-cs3,1
flash-cs4,2
flash-drive,1
flash-player,2
flashdevelop,1
flashvars,1
flask,1
flat,1
flat-file,1
flex,39
flex3,3
flex4,8
flex4.5,2
flexbuilder,1
flexjson,1
flicker,1
flickr,2
flip,1
flipboard,1
flite,1
floating-point,8
floats,4
flood-fill,1
flooding,1
flot,1
flow,1
flow-control,1
flowchart,1
flowcharts,1
floyd-warshall,1
fluent-migrator,1
fluent-nhibernate,11
fluent-nhibernate-mapping,1
fluid-layout,1
flush,1
flv,1
flyout,1
fmdb,1
fmod,1
focus,7
focus-adjust,1
folder,11
folders,1
font-face,1
fonts,10
fontspec,4
foobar2000,1
footer,1
footnotes,2
fop,2
fopen,2
for-loop,14
foreach,13
foreign-keys,2
forgot-password,1
fork,6
fork-join,1
form-for,1
form-helpers,1
form-validation,5
formal-languages,1
format,10
formating,1
formatter,1
formatting,10
forms,53
forms-authentication,3
formset,1
formtastic,1
formula,3
fortran,4
fortran77,1
forum,4
forwarding,2
foundations,1
fourier-analysis,1
foursquare,1
foxpro,1
fpga,1
fpm,1
fql,2
fractions,1
fragment,1
fragment-identifier,1
fragment-shader,1
fragmentation,1
frame,3
frame-rate,1
framed,2
frames,2
frameset,1
frameworks,8
free,2
freebasic,1
freebsd,2
freemarker,2
freemind,1
freenas,1
freetds,1
freeware,1
freeze,4
friend,1
friend-function,1
friendly-url,1
frontpage,1
frontpage-extensions,1
fscommand,1
fsockopen,1
fstream,1
ftp,15
ftp-client,2
ftpd,1
fubumvc,1
full-text-search,3
full-version,1
fullscreen,3
fullwidth,1
function,29
function-call,1
function-calls,1
function-composition,1
function-fields,1
function-object,1
function-overriding,1
function-pointers,1
functional-analysis,5
functional-equations,1
functional-programming,7
functional-testing,2
functions,7
functools,1
fuse,1
fusioncharts,1
future,1
fuzzy,1
fuzzy-search,1
fwrite,1
fxcop,1
fxcopcmd,1
fxml,1
g++,3
gabba,1
gae-datastore,4
gae-quotas,1
gallery,2
game-center,2
game-controller,1
game-engine,4
game-physics,1
game-theory,2
gamekit,2
gaming,1
gamma-function,1
garbage-collecting,1
garbage-collection,8
gas,1
gateway,3
gaussian,2
gcc,16
gcdasyncsocket,1
gd,1
gdb,5
gdi,1
gdi+,4
gdk,1
gdlib,1
geany,1
gecko,1
gem,5
general-topology,10
generate,2
generatedcode,1
generating-functions,2
generator,2
generic-list,2
generics,15
genesis-theme-framework,1
gentoo,3
geocode,1
geocoding,2
geodjango,1
geography,1
geolocation,4
geometric-group-theory,1
geometry,14
geospatial,2
geotagging,1
get,4
get-terms,1
getaddrinfo,1
getelementbyid,1
getjson,1
getline,1
getopenfilename,1
getparameter,1
getselection,1
getstring,1
gevent,3
ggplot,1
ggplot2,8
ghost-image,1
ghostscript,1
ghostscriptsharp,1
gimp,1
gin,1
gis,2
gist,1
git,57
git-branch,1
git-checkout,1
git-daemon,1
git-merge,1
git-pull,3
git-push,2
git-rerere,1
git-submodules,1
github,5
github-api,1
gitorious,1
gksession,1
gksudo,1
glassfish,7
glassfish-3,4
glassfish-embedded,1
glew,1
glfw,1
glibc,1
global,3
global-asax,3
global-variables,3
globals,1
glsl,6
glut,1
gma,1
gmail,8
gmp,2
gnome,2
gnu,3
gnu-common-lisp,1
gnu-make,1
gnu-screen,3
gnupg,2
gnuplot,1
go,7
goal-tracking,1
godaddy,1
google,22
google-analytics,2
google-api,6
google-api-client,2
google-api-java-client,1
google-app-engine,34
google-apps,3
google-apps-script,6
google-bookmarks,1
google-buzz,1
google-calendar,2
google-cdn,1
google-charts,1
google-charts-api,1
google-checkout,2
google-chrome,33
google-chrome-devtools,1
google-chrome-extension,7
google-chrome-extensions,3
google-closure,1
google-closure-library,1
google-cloud-messaging,1
google-cse,1
google-docs,3
google-drive,1
google-drive-sdk,3
google-earth,1
google-local-search,1
google-maps,31
google-maps-api-2,1
google-maps-api-3,17
google-maps-markers,3
google-nexus,1
google-places-api,2
google-plus,2
google-plus-one,1
google-reader,1
google-search,1
google-spreadsheet,2
google-spreadsheet-api,2
google-static-maps,1
google-talk,1
google-tasks-api,1
google-tv,1
google-visualization,1
google-wallet,1
google-webmaster-tools,1
googletest,1
gorm,6
goto,1
gource,1
gparted,1
gpg,2
gpgpu,1
gpio,1
gpl,5
gps,7
gpt,2
gpu,3
gpuimage,1
gradient,2
gradle,5
grails,24
grails-2.0,2
grails-2.2,1
grails-controller,1
grails-filters,1
grails-plugin,1
grammar,3
grand-central-dispatch,2
grant,1
graph,7
graph-theory,6
graphic,1
graphics,21
graphics-card,5
graphicsmagick,1
graphing,1
graphing-functions,1
graphs,1
graphviz,1
gray-code,1
grayscale,1
greasemonkey,2
greatest-n-per-group,4
greenplum,1
grep,6
grid,8
grid-computing,1
gridengine,1
gridlines,1
gridpanel,1
gridview,24
grit,1
groovy,11
group,1
group-by,9
group-policy,5
group-theory,13
groupbox,1
grouping,2
groups,2
growl,1
grub,4
grub2,1
gsoap,1
gstreamer,2
gtk,7
gtk+,2
gtk2,1
gtk3,1
gtktreeview,1
guard,1
guava,2
gui,16
gui-toolkit,1
guice,1
guid,2
guidelines,1
guile,1
guitar,1
gunicorn,1
gwt,24
gwt-celltable,1
gwt-designer,1
gwt-platform,1
gwt-rpc,2
gwt2,1
gxt,2
gz,1
gzip,4
h2,1
haar-wavelet,1
habtm,1
hack,2
hacked,1
hacking,1
hadoop,9
haml,3
hammer.js,1
handle,2
handlebars.js,1
handler,2
hang,1
haproxy,1
hard-disk,1
hard-drive,16
hard-drive-recovery,1
hardware,8
hardware-acceleration,3
hardware-combination,2
hardware-failure,2
hardware-raid,3
hardware-selection,1
harmonic-analysis,1
has-many,1
hash,10
hashcode,1
hashing,1
hashmap,7
hashset,2
hashtable,3
hashtag,2
haskell,16
haskelldb,1
having-clause,1
haxe,1
haystack,1
hbase,1
hbm2ddl,2
hdd,1
hdmi,1
head.js,1
header,10
header-files,3
header-footer,1
header-image,1
headers,1
headless,1
headphones,1
health,1
heap,2
height,6
heightmap,1
helper,1
helpermethods,1
helpers,3
helpfile,1
heredoc,3
heroku,9
heroku-toolbelt,1
hessian,1
heuristics,1
hex,5
hexadecimal,1
hibernate,48
hibernate-mapping,1
hibernate-tools,1
hid,2
hidden-field,2
hierarchical,2
hierarchical-data,1
hierarchicaldatatemplate,2
hierarchyviewer,1
high-availability,2
high-load,1
highcharts,3
higher-order-functions,2
highlight,3
highlighting,1
hilbert-spaces,1
histogram,4
history,5
hittest,1
hive,2
hlsl,3
hmac,1
hole-punching,1
home,3
home-network,1
home-networking,2
homescreen,1
homework,62
honeycomb,4
hook,4
horizontal,1
horizontal-alignment,4
horizontal-scrolling,1
hosting,8
hostname,2
hosts,3
hosts-file,2
hot-deploy,1
hotcocoa,1
hotkeys,3
hotmail,1
hotspot,1
hour,1
hover,5
howto,1
hp,4
hp-envy,1
hp-pavilion,1
hql,3
href,2
hsqldb,4
html,280
html-agility-pack,2
html-editor,1
html-email,2
html-encode,4
html-entities,2
html-escape-characters,1
html-helper,1
html-lists,5
html-parsing,1
html-to-pdf,1
html.dropdownlist,1
html.dropdownlistfor,1
html5,49
html5-audio,1
html5-canvas,2
html5-video,2
html5boilerplate,2
htmlcleaner,1
htmlunit,1
htpasswd,1
http,46
http-api,1
http-authentication,1
http-caching,2
http-etag,1
http-get,1
http-headers,2
http-post,1
http-proxy,1
http-referer,3
http-status-code-301,2
http-status-code-404,3
http-status-code-405,1
http-status-code-500,1
http-status-code-503,1
httpclient,2
httpconnection,1
httpd,3
httpd.conf,3
httphandler,2
httpmodule,2
httprequest,3
httpresponse,3
https,6
httpserver,1
httpurlconnection,1
httpwebrequest,4
hub,1
hudson,4
huffman,1
hugin,1
hwnd,1
hyper-v,2
hyper-v-server-2008-r2,1
hyperlink,5
hyphenation,1
i2c,1
iad,1
iasyncresult,1
ibaction,1
ibm,1
ibm-midrange,1
ibm-rad,1
ical4j,1
icc,1
ice-cream-sandwich,4
icefaces,1
icefaces-2,1
icefaces-3,1
ichat,1
icomparable,2
icomparer,1
icons,8
ida,1
ide,11
ideals,3
identity,1
identity-column,1
idioms,1
idisposable,1
idle,3
ie6-bug,2
ie6-ie7-bug,1
ieee-754,1
ienumerable,2
if-statement,9
ifconfig,1
ifdef,1
iframe,17
ifstream,1
ignore,2
iiop,1
iis,39
iis-7,1
iis-7.5,6
iis-express,2
iis6,6
iis7,19
iis7.5,2
ikvm,1
il,1
image,53
image-gallery,1
image-processing,23
image-quality,1
image-replacement,1
image-resizing,2
image-uploading,2
imagej,1
imagemagick,8
images,7
imageshack,1
imageview,5
imagick,1
imap,6
ime,1
imei,1
img,2
immediate-window,1
immutability,2
impersonation,3
implementation,3
implicit,1
implicit-conversion,1
import,12
importerror,1
imultivalueconverter,1
in-app-billing,2
in-app-purchase,2
include,4
include-guards,1
inclusion,1
increment,2
indentation,3
index,3
indexes,1
indexing,8
indexof,1
inequalities,1
inequality,3
inetaddress,1
infinite-loop,5
infinity,2
infopath,3
infopath-2007,1
information,1
information-retrieval,1
informix,1
infragistics,1
infrared,1
infrastructure,2
inheritance,17
ini,1
ini-files,1
init,1
initialization,3
initialization-list,1
injection,2
inkscape,1
inline,5
inline-block,1
inner-classes,2
inner-join,1
innerhtml,2
inno-setup,1
innodb,5
inotify,2
inotifycollectionchanged,1
inotifypropertychanged,1
input,12
input-button-image,1
input-validation,1
inputstream,3
inputstreamreader,1
insert,6
insert-into,1
install,10
installation,11
installer,5
installshield,2
instance,2
instance-methods,1
instant-messaging,2
instantiation,4
instructions,1
int,4
int64,1
integer,3
integer-lattices,1
integer-programming,1
integral,6
integration,5
integration-testing,3
intel,1
intel-celeron,1
intel-graphics,1
intel-pentium,1
intellij-idea,9
intellisense,3
intentfilter,1
inter-process,1
interaction,1
interactive,2
interceptor,1
interface,15
interface-builder,3
interference,1
internal-link,1
internal-server-error,1
international,1
internationalization,8
internet,7
internet-connection,1
internet-explorer,50
internet-explorer-10,1
internet-explorer-6,9
internet-explorer-7,6
internet-explorer-8,10
internet-explorer-9,12
interop,7
interposing,1
interpreted-language,1
interprocess,1
interrupts,1
intersect,2
intersection,2
intersection-theory,1
interview,3
intranet,1
intrinsics,1
intuit-partner-platform,1
intuition,2
invalid,2
invalidate,3
invalidoperationexception,1
inverse,1
inversion-of-control,3
invocation,1
invoke-command,1
io,13
io-redirection,1
ioc,1
ioc-container,1
ioc-containers,1
ioctl,1
ioexception,2
iokit,1
ios,257
ios-simulator,4
ios4,9
ios4.3,1
ios5,15
ios5.1,1
ios6,16
ios6-maps,1
iostream,3
ip,9
ip-address,3
ip-camera,2
ip-routing,1
ipad,40
ipad-2,2
ipc,3
iphone,306
iphone-5,1
iphone-os-3,1
iphone-provisioning,1
iphone-sdk-3.0,6
iphone-sdk-4.0,17
iphone-sdk-5.0,1
iphone-web,1
ipod,3
ipod-touch,1
iptables,3
ipv4,1
ipv6,3
ipython,1
iqueryable,1
irc,2
ireport,4
ironpython,2
is-uploaded-file,1
isapi,1
isc-dhcp,1
iscroll,1
isnull,1
iso-8859-1,1
iso8601,1
isolatedstorage,1
isp,1
ispconfig-3,1
isql,1
isset,1
issue-tracking,1
issues,1
italic,1
item,1
itemize,2
itemrenderer,1
iteratee,1
iteration,3
iterative-development,1
iterator,7
itext,1
itextsharp,4
itk,1
itunes,4
itunes-store,1
itunesconnect,4
iusr,1
ivalueconverter,1
ivr,1
ivy,3
iwebbrowser2,1
j,1
jackson,1
jacorb,1
jailbreak,2
jalopy,1
japplet,1
jar,12
jasper-reports,6
jasperserver,1
java,728
java-2d,1
java-6,1
java-7,2
java-ee,15
java-ee-6,3
java-io,1
java-me,13
java-util-scanner,2
java.util.concurrent,2
javabeans,1
javadoc,1
javafx,1
javafx-2,5
javah,1
javamail,1
javascript,613
javascript-events,11
javascript-framework,3
javascript-library,2
javascript-namespaces,1
javascript-performance,1
javascriptmvc,1
javasound,1
javax.mail,1
jax-rs,2
jaxb,8
jayrock,1
jboss,14
jboss5.x,1
jboss7.x,4
jbpm,1
jbutton,2
jcarousel,1
jcombobox,3
jcomponent,1
jcrop,1
jdb,1
jdbc,14
jdbcrealm,1
jde,1
jdesktop,1
jdesktoppane,1
jdeveloper,1
jdialog,1
jdk,3
jena,1
jenkins,6
jersey,6
jetbrains,1
jettison,2
jetty,3
jface,1
jfeed,1
jframe,3
jgoodies,1
jgroups,1
jinternalframe,1
jira,3
jira-plugin,1
jit,3
jks,1
jmap,1
jmenu,1
jmenubar,1
jmenuitem,1
jmf,1
jmock,1
jms,4
jmx,1
jndi,2
jni,8
job-scheduling,2
jobs,3
jodatime,2
jogl,2
join,12
joomla,13
joomla-k2,1
joomla1.5,3
joomla1.7,1
joptionpane,1
jpa,16
jpa-2.0,11
jpanel,3
jpcap,1
jpeg,3
jplayer,1
jpql,1
jqgrid,5
jqpagination,1
jqplot,4
jqtouch,2
jquery,545
jquery-1.6,1
jquery-1.7,1
jquery-1.9,1
jquery-ajax,21
jquery-animate,6
jquery-animation,1
jquery-autocomplete,3
jquery-datepicker,1
jquery-deferred,1
jquery-each,1
jquery-event-binding,1
jquery-events,4
jquery-file-upload,1
jquery-isotope,1
jquery-load,1
jquery-masonry,1
jquery-mobile,14
jquery-plugins,15
jquery-select2,1
jquery-selectors,9
jquery-slider,1
jquery-templates,2
jquery-tmpl,1
jquery-tools,1
jquery-tooltip,1
jquery-ui,36
jquery-ui-autocomplete,2
jquery-ui-datepicker,1
jquery-ui-sortable,1
jquery-ui-tabs,1
jquery-validate,7
jre,3
jruby,7
jscrollpane,1
jsdt,1
jsf,28
jsf-2,11
jsf-2.0,5
jslider,1
json,83
json-decode,3
json-encode,4
json.net,4
jsonkit,1
jsonp,7
jsonresult,1
jsoup,1
jsp,28
jsp-tags,2
jspinclude,1
jsr,1
jsse,1
jst,1
jstl,5
jtable,5
jtextarea,3
jtextcomponent,2
jtextfield,4
jtextpane,1
jump,1
jumpstart,1
junit,8
jvm,6
jython,1
k-means,1
kaminari,1
kdiff3,1
kdtree,1
kendo-asp.net-mvc,1
kendo-grid,2
kendo-ui,2
kerberos,4
kernel,6
kernel-module,1
kernel32,1
kerning,1
key,4
key-bindings,1
key-value,1
keyboard,18
keyboard-events,1
keyboard-shortcuts,7
keyevent,2
keys,2
keystroke,1
keyword,2
keywords,2
kickstart,1
kill,3
kindle,1
kinect,2
kineticjs,1
kit-lens,1
kml,3
knitr,1
knn,1
knockout-mapping-plugin,1
knockout-sortable,1
knockout.js,8
knoppix,1
koala,1
kohana,2
komodo,1
kryo,1
kryonet,1
ksh,1
ksoap,2
ksoap2,3
kubuntu,2
kvm-virtualization,1
kvoptions,1
kwargs,1
l2tp,1
label,2
lag,2
lambda,6
lamp,5
lan,3
landscape,2
language,1
language-agnostic,14
language-comparisons,1
language-design,1
language-features,4
language-interoperability,1
languages,5
laptop,7
large-files,4
late-binding,1
latency,1
latex,6
latitude-longitude,2
lattice-orders,1
launch,2
launcher,1
law-of-demeter,1
layered,1
layout,19
layout-manager,1
layouts,1
lazy-evaluation,1
lazy-loading,1
lcd,1
lcdui,1
ld,1
ldap,5
ldif,1
leak,2
learning,2
lease,1
led,1
left-join,1
legacy,1
legal,4
legend,3
legend-properties,1
length,1
lens,3
level,1
lex,1
lexer,1
lgpl,1
libcurl,2
libertine,1
libgdx,3
libjpeg,1
libjpeg-turbo,1
libpng,2
libraries,2
libreoffice,2
libreoffice-writer,1
libssh,1
libtiff,1
libtiff.net,1
libvirt,1
license-key,2
licensing,10
lie-algebras,3
lie-groups,4
lifecycle,3
liferay,3
liferay-6,2
liferay-theme,1
lift,2
lightbox,1
lightbox2,1
lightdm,1
lightroom,2
lighttpd,3
like,1
limit,7
limitations,2
line,2
line-breaking,3
line-breaks,2
line-numbers,1
line-spacing,1
linear-algebra,17
linear-programming,1
lines,3
lingo,1
link-to,1
linked-list,8
linked-server,1
linkedhashmap,1
linkedin,1
linker,6
linker-error,3
linking-errors,1
links,4
linksys,1
linq,42
linq-expressions,1
linq-to-entities,8
linq-to-objects,4
linq-to-sql,17
linq-to-xml,2
linq-to-xsd,1
linqpad,2
linux,171
linux-device-driver,3
linux-distributions,1
linux-kernel,6
linux-mint,2
linux-networking,1
lisp,5
list,29
list-comprehension,1
list-definition,1
list-template,1
listactivity,1
listbox,7
listboxitem,1
listcollectionview,1
listener,5
listings,2
listpicker,1
lists,4
listview,26
live,3
live-streaming,3
live-view,1
livecd,1
livecycle,1
lldb,1
llvm,3
llvm-gcc,1
lnk2001,1
load,4
load-balancing,2
load-testing,1
loader,1
loading,4
loadrunner,1
local,2
local-storage,2
locale,3
localhost,3
localization,11
localnotification,1
location,4
lockbox-3,1
locking,2
lockup,1
locomotivejs,1
log-analysis,1
log-files,2
log4cxx,1
log4j,3
log4net,2
log4perl,1
logarithm,1
logarithms,3
logging,23
logic,6
logical,1
logical-operators,1
login,13
login-script,1
logistics,1
logitech,1
logon-scripts,1
logout,4
logs,1
long-integer,1
lookup,2
lookup-tables,1
loop,3
loops,18
lotus,2
lotus-formula,1
lotus-notes,2
low-level,1
lpstr,1
lua,7
luac,1
luatex,2
lucene,7
lucene-index,1
lucene.net,2
luks,1
lvm,4
lwjgl,1
lwuit,2
lxml,1
lync,1
lync-2010,1
lyx,3
lzma,1
m2eclipse,1
mac,21
mac-app-store,2
macbook,2
macbook-pro,2
machine-learning,2
machinekey,1
macosx,5
macports,2
macro,1
macros,16
macruby,1
maf,1
magento,26
magento-1.5,1
magento-1.7,2
magic-numbers,1
magnification,1
mahout,2
mailbox,1
mailcore,1
maildir,1
mailenable,1
main,2
maintainability,2
maintenance-plan,1
make,3
makefile,7
malicious,1
malware,2
mamp,2
man,1
manifolds,3
manipulation,2
mantis,2
many-to-many,2
many-to-one,1
map,15
map-projections,1
mapkit,1
maple,2
mappeddrive,1
mapping,7
mapping-model,1
mapreduce,4
maps,4
mapserver,1
margin,2
marker,3
markerclusterer,1
market,3
marketing,1
marklogic,2
markup,3
marquee,1
mars,1
marshalling,2
mask,2
masm,1
massive,1
master-detail,2
master-page,1
master-pages,3
match,1
math,19
math-mode,2
math-operators,1
mathematica,6
mathematica-8,1
mathematica-frontend,1
mathematical-modeling,1
mathematical-optimization,3
mathpazo,1
matlab,31
matlab-deployment,1
matlab-toolbox,1
matplotlib,5
matrices,12
matrix,9
maven,20
maven-2,7
maven-3,3
maven-plugin,2
maven-release-plugin,1
maven-resources-plugin,1
maven-surefire-plugin,1
max-height,1
max-width,1
maximize,1
maximum,2
maze,1
mbox,1
mbunit,1
mcafee,1
mcrypt,5
md5,2
md5-file,1
mdi,1
mdichild,1
measure-theory,7
mechanize,2
media,4
media-keys,1
media-library,1
media-queries,3
mediaelement,1
mediaelement.js,3
median,1
mediaplayer,7
mediarecorder,1
mediator,1
mediawiki,2
medical-science,1
meego,1
meetings,1
megamenu,1
member-function-pointers,1
membership,1
membership-provider,1
memcached,5
memcpy,1
memoir,1
memory,28
memory-address,1
memory-allocation,4
memory-deallocation,1
memory-dump,1
memory-efficient,1
memory-leaks,7
memory-limit,1
memory-management,16
memorycache,1
menu,9
menuitem,1
menus,2
mer,1
mercurial,3
mercurial-subrepos,1
mercury,1
merge,16
mergesort,1
merging,1
message,5
message-passing,1
message-pump,1
message-queue,4
messagebox,2
messagebroker,1
messaging,1
meta-tags,5
metabox,4
metaclass,1
metadata,2
metaprogramming,2
meteor,2
method-signature,1
methods,14
metric-spaces,1
metrics,1
mfc,10
mfmailcomposeviewcontroll,3
mib,1
microcontroller,2
microdata,1
microphone,1
microsoft,4
microsoft-access,1
microsoft-access-2010,1
microsoft-ajax-minifier,1
microsoft-excel,9
microsoft-excel-2007,4
microsoft-excel-2010,2
microsoft-metro,3
microsoft-office,2
microsoft-office-2010,1
microsoft-outlook,3
microsoft-outlook-2003,1
microsoft-outlook-2010,3
microsoft-paint,1
microsoft-powerpoint,2
microsoft-research,1
microsoft-sync-framework,1
microsoft-test-manager,1
microsoft-word,5
microsoft-word-2010,1
microtype,1
middle-mouse-button,1
midi,2
midp,2
migration,7
military,1
mime-type,1
mime-types,1
mindmaps,1
mingw,6
mini-profiler,1
minidom,1
minification,1
minify,1
minimize,1
minimum,1
minipage,1
minted,1
mips,3
mirroring,2
mismatch,1
mitel,1
mix,1
mixed-models,1
mixer,1
mixin,1
mkmapview,2
ml,1
mmap,2
mms,2
mobile,23
mobile-development,1
mobile-phones,1
mobile-safari,3
mocking,7
mockito,3
mod-cache,1
mod-dav-svn,1
mod-expires,1
mod-fcgid,1
mod-pagespeed,1
mod-perl,1
mod-rewrite,23
mod-ssl,1
mod-wsgi,4
modal,4
modal-dialog,5
modalpopupextender,1
modalviewcontroller,1
model,3
model-associations,1
model-theory,2
modelbinders,1
modelform,1
modeline,1
modeling,1
models,3
modelstate,1
modernizr,1
modular-arithmetic,3
modularity,1
module,9
modules,3
modulo,2
modx,1
modx-evolution,1
mogrify,1
mojolicious,1
moles,1
monads,2
monetdb,1
money,1
mongodb,26
mongodb-csharp,1
mongodb-php,1
mongodb-query,1
mongoid,3
mongoose,4
mongrel,1
monit,1
monitor,3
monitoring,6
monkeyrunner,1
monkeytalk,1
mono,14
mono-framework,1
mono.cecil,1
monodevelop,2
monodroid,5
monogame,1
monotouch,8
monotouch.dialog,1
mootools,11
moq,3
moss,2
motherboard,3
motion-detection,1
motorola,1
mount,6
mountain,1
mouse,8
mouse-click,1
mouse-cursor,1
mouse-events,1
mouse-wheel,1
mouseevent,2
mouseover,1
movie,1
movieclip,1
movies,1
moxy,1
mozilla,1
mp3,5
mpg,1
mpi,5
mpmovieplayer,1
mpmovieplayercontroller,3
mrjob,1
ms-access,20
ms-access-2000,1
ms-access-2007,1
ms-access-2010,1
ms-dos,1
ms-office,3
ms-project,1
ms-sql,1
ms-word,9
msbuild,9
msbuild-task,1
msbuildcommunitytasks,1
mschart,1
msdn,1
msi,4
msiexec,1
msmq,2
msn-messenger,1
mspec,1
mssql-ssms,1
mstest,3
mta,1
mule,1
multi-boot,1
multi-line,1
multi-table,1
multi-tenant,1
multi-touch,2
multicol,2
multicore,2
multidimensional,1
multidimensional-array,10
multilanguage,1
multiline,3
multiline-text-field,1
multilingual,1
multiplayer,3
multiple,2
multiple-domains,1
multiple-entries,1
multiple-files,1
multiple-inheritance,1
multiple-monitors,4
multiple-tables,1
multiprocessing,1
multiprocessor,1
multisite,4
multitasking,2
multitexturing,1
multithreading,69
multitrigger,1
multivalue,1
multivariable-calculus,6
music,2
music-on-hold,1
mustache,2
mutable,1
mutation,1
mutex,2
mutt,2
mutual,1
mv,1
mvc,26
mvccontrib,1
mvcscaffolding,1
mvp,5
mvvm,11
mvvm-light,2
mx-record,1
mxml,1
my.cnf,1
mybatis,1
myeclipse,1
myfaces,1
myisam,1
mylocationoverlay,1
mylyn,2
mysite,1
mysql,259
mysql-error-1064,1
mysql-management,1
mysql-python,1
mysql-workbench,1
mysql.sock,1
mysqldump,2
mysqli,3
n-tier,1
n-tier-architecture,1
nagios,3
name,3
named-instance,1
named-pipes,1
nameserver,3
namespaces,7
naming,1
naming-conventions,4
nan,1
nant,1
nas,1
nash-equilibrium,1
nasm,2
nat,2
natbib,2
native,2
naudio,3
nav,2
navicat,1
navigatetourl,1
navigation,7
navigationbar,1
navigationcontroller,3
ncurses,1
near-real-time,1
negation,1
negative-film,1
neon,1
nested,4
nested-attributes,2
nested-forms,3
nested-loops,1
nesting,1
net-snmp,2
netatalk,1
netbackup,1
netbeans,15
netbeans-6.9,1
netbeans-7,3
netbook,1
netgear,2
netmask,1
netnamedpipebinding,1
netsh,1
netstat,1
netstream,1
netty,2
network,1
network-adapter,1
network-drive,1
network-interface,1
network-programming,12
network-share,4
network-shares,3
networking,48
networkstream,1
neural-network,2
neutral-density,1
new-operator,3
new-workspace,1
newline,3
newlines,1
next,1
nexus,2
nexus-one,1
nf-conntrack,1
nfc,1
nfs,4
ngen,1
nginx,20
nhibernate,26
nhibernate-mapping,4
nhprof,1
nic,2
nicedit,1
nikon,2
nikon-d7000,1
nikon-d90,1
nil,1
nine-patch,1
ninject,1
nio,2
nlp,10
nltk,2
nmake,1
nmap,1
noclassdeffounderror,1
noconflict,4
node-inspector,1
node-mongodb-native,1
node.js,32
nodes,1
noindex,1
noise,3
nokia,2
nokogiri,3
non-repetitive,1
nonce,1
normal-distribution,4
normalization,4
normals,1
nose,1
nosql,4
notation,2
notepad,1
notepad++,4
notes,2
notifications,10
noweb,1
nowjs,1
np-hardness,2
npm,3
nppexec,1
nsarray,6
nsautoreleasepool,1
nsbitmapimagerep,1
nsdate,2
nsdateformatter,1
nsdatepicker,1
nsdecimalnumber,1
nsdictionary,1
nservicebus,1
nsevent,1
nsexception,1
nsfetchedresultscontrolle,2
nsfilemanager,2
nsimage,1
nsinputstream,1
nsis,1
nsjsonserialization,2
nslocale,1
nsmanagedobjectcontext,1
nsmenu,1
nsmenuitem,1
nsmutablearray,3
nsmutabledictionary,1
nsmutablestring,1
nsnotification,1
nsnotificationcenter,1
nsoperation,1
nsoperationqueue,1
nspredicate,1
nsrange,2
nss,1
nsscrollview,1
nssortdescriptor,1
nsstring,14
nstableview,2
nstextfield,2
nstextfieldcell,1
nstextview,1
nsthread,2
nstimer,1
nstokenfield,1
nsundomanager,1
nsurl,3
nsurlconnection,3
nsuserdefaults,2
nsview,2
nswindow,1
nsworkspace,1
nsxmlparser,3
nszombie,1
ntfs,1
ntlm,1
ntpd,1
nuget,2
nuget-package,1
null,8
nullable,1
nullpointerexception,5
nullreferenceexception,4
number-rounding,1
number-systems,1
number-theory,6
numberformat,1
numbering,1
numbers,5
numerical-linear-algebra,1
numerical-methods,3
numpy,4
nunit,1
nutch,1
nutrition,2
nvelocity,1
nx,1
oauth,11
oauth-2.0,4
object,24
object-lifetime,1
object-literal,1
object-model,1
object-oriented,2
objectdatasource,2
objectdisposedexception,1
objectify,1
objective-c,224
objective-c++,2
objective-c-blocks,1
objective-c-category,1
observablecollection,4
observer-pattern,3
oc4j,1
ocaml,3
ocmock,1
ocr,2
octave,2
odac,1
odata,1
odbc,3
odepack,1
odf,1
odp,1
office,2
office-2003,1
office-2007,1
office-2010,1
office-2010-beta,1
office-interop,1
offline,1
offsite-backup,1
ofstream,1
ogg,1
ogre,1
olap-cube,1
old-hardware,1
ole,1
oledb,2
oledbcommand,1
omd,1
omniauth,2
omnifaces,2
omniture,1
onblur,2
once,1
onchange,4
onclick,11
onclicklistener,1
one-to-many,2
one-to-one,1
onerror,1
onetomany,1
onfocus,1
onitemclick,1
onitemclicklistener,1
online-shopping,1
onload,2
onpause,1
onpreinit,1
onresume,1
onsubmit,2
ontologies,1
ontology,1
oop,35
opacity,2
open,1
open-session-in-view,1
open-source,9
openbsd,1
opencart,3
opencl,5
opencv,17
opencvdotnet,1
opendns,1
opendocument,1
openerp,1
openfeint,1
openfiledialog,2
openframeworks,2
opengl,24
opengl-3,1
opengl-es,12
opengl-es-2.0,2
opengraph,4
openid,7
openjdk,1
openjpa,2
openlayers,3
openldap,2
openmp,1
opennetcf,1
openni,2
openoffice-calc,1
openoffice-impress,1
openoffice-writer,1
openoffice.org,2
openshift,2
openssl,11
openstreetmap,1
openvpn,2
openvswitch,1
openx,2
openxml,2
opera,1
operating-system,2
operating-systems,2
operation,1
operations,1
operator-keyword,2
operator-overloading,2
operator-precedence,2
operators,6
optaplanner,1
opticalflow,1
optimization,30
options,2
ora-00054,1
ora-00979,1
oracle,48
oracle-adf,3
oracle-apex,1
oracle-apps,1
oracle-streams,1
oracle-ucm,1
oracle-xe,2
oracle10g,7
oracle11g,4
oracleapplications,1
orbit,1
orchardcms,2
order,4
order-by,1
order-theory,1
ordering,3
ordinals,2
org-mode,1
organization,1
orientation,1
origin,1
orm,11
orthogonal-polynomials,1
osascript,1
osdev,1
osgi,1
osgi-fragment,1
osm,1
osqa,1
oss,1
ostream,2
osx,71
osx-leopard,1
osx-lion,10
osx-mountain-lion,2
osx-snow-leopard,4
out,1
outline,1
outlook,7
outlook-2007,3
outlook-2010,1
outlook-addin,4
outofmemoryerror,1
outofmemoryexception,3
outofrangeexception,1
output,4
outputcache,1
outputstream,2
overflow,4
overlay,3
overloading,2
override,1
overriding,1
overwrite,2
owl,1
owner,1
ownership,2
p-adic-number-theory,1
pack,2
package,3
package-management,1
package-managers,1
package-options,1
package-writing,1
packages,2
packaging,1
packet,1
packet-sniffers,1
packets,1
padding,2
padrino,1
page,2
page-attributes,1
page-breaking,1
page-lifecycle,2
page-numbering,1
page-template,1
pagefile,1
pages,1
pagination,7
paging,1
paint,2
pam,1
pandas,2
pandora,1
panel,1
panoramas,1
paperclip,2
paragraphs,1
parallel,1
parallel-extensions,1
parallel-processing,10
parameter-passing,1
parameterized-query,1
parameters,7
parametric,2
parent,3
parent-child,6
parent-theme,1
parsec,1
parser-generator,1
parsing,33
part-of-speech,1
partial-classes,1
partial-fractions,1
particle-system,1
partition,3
partition-recovery,1
partitioning,5
partitions,2
pascal,1
pass,1
pass-by-reference,1
passenger,1
passport,2
password,1
password-protection,1
passwords,10
paste,1
pastebin,1
patch,1
patch-management,1
patents,2
path,9
pattern-recognition,1
patterns,2
pause,1
pax-web,1
payment,1
payment-gateway,3
payment-processing,1
paypal,7
paypal-api,3
paypal-ipn,2
paypal-soap,1
paypal-subscriptions,1
pbkdf2,1
pbuilder,1
pca,2
pci-dss,1
pci-e,1
pci-express,1
pclose,1
pcre,4
pcspim,1
pdb,1
pdb-ms,1
pde,5
pdf,20
pdf-conversion,1
pdf-generation,7
pdf-reader,1
pdf-viewer,1
pdflib,1
pdfsharp,1
pdftex,1
pdo,4
pecl,1
peer,1
pen,1
perc,1
percentage,1
percona,1
perfect-hash,1
perforce,1
performance,51
performance-monitoring,2
performance-tuning,1
perl,44
perl-module,1
permalinks,5
permgen,1
permissions,22
permutation,1
permutations,3
persistence,1
persistent-storage,1
perspective,1
pervasive,1
pex,1
pgfplots,2
phantomjs,1
phone,2
phonegap,21
phonegap-plugins,1
photo,2
photoshop,1
php,653
php-5.3,1
php-5.4,1
php-dom,1
php-errors,2
php-frameworks,1
php5,7
php5.3,1
phpcassa,1
phpexcel,1
phpmail,1
phpmyadmin,6
phpquery,1
phpseclib,1
phpthumb,1
phpunit,2
phusion-passenger,1
physics,5
pi,3
pickle,1
pickle-dump,1
picture,3
pid,2
pidgin,1
pie-chart,1
pika,1
ping,2
pinvoke,5
pip,1
pipe,3
pipeline,1
pipelining,1
pipes,1
pivot,5
pivot-table,2
pivotitem,1
pixel,1
pjax,1
pjsip,1
pkg-config,2
pkgconfig,1
placeholder,2
plain-tex,1
plane-curves,1
planning,1
platform,2
platform-independent,1
platforms,1
playback,1
player,1
playframework,8
playframework-2.0,4
playing-cards,2
playlist,1
playn,1
plesk,3
plist,1
plone,4
plone-funnelweb,1
plot,8
plpgsql,1
plpython,1
plsql,6
plugin-contact-form-7,1
plugin-development,4
plugin-json-api,1
plugin-magic-fields,1
plugin-recommendation,4
plugin-syntaxhighlighter,1
plugin-tinymce,1
plugin-wp-seo-yoast,1
plugins,25
plyr,1
png,4
pnunit,1
podcast,1
podcasts,1
pointer-grab,1
pointers,23
points,1
pojo,1
polling,2
polls,1
polygon,3
polymorphism,5
polynomials,6
pony,1
pool,1
pooling,1
pop3,1
popen,2
popover,1
popup,2
port,6
port-forwarding,1
portability,2
portable,1
portal,1
portfolio,1
portlet,1
ports,1
pos-tagger,1
position,7
positioning,3
posix,1
post,21
post-editor,1
post-formats,2
post-processing,1
postback,5
postcode,1
postfix,8
postgresql,28
postgresql-8.4,1
postgresql-9.1,1
posts,2
postscript,2
postsharp,1
power,3
power-supply,2
powerdns,1
powerdot,1
powerpoint,4
powerpoint-2007,1
powers,1
powerset,1
powershell,28
powershell-v2.0,3
powershell-v3.0,2
pre-commit-hook,1
precision,2
predef,1
preferences,2
prefix,1
preg-match,4
preg-match-all,1
preg-replace,3
preg-split,1
preload,1
preloader,1
premake,1
prepared-statement,5
preprocessor,2
presentation,1
presentations,1
presentmodalviewcontrolle,1
pressed,1
prestashop,1
preventdefault,1
preview,1
pricing,2
primary-key,2
primary-key-design,1
prime-numbers,3
primefaces,12
primes,1
princexml,1
principalsearcher,1
printer,1
printf,1
printing,13
priority,2
priority-queue,1
prism,3
prismv2,1
privacy,2
private,1
private-members,1
privileges,3
probability,11
probability-distributions,4
probability-theory,6
problem-solving,2
procedural-generation,1
procedure,1
process,9
processes,6
processing,2
processing.js,1
processor,1
processor-socket,1
product,1
product-features,1
production,1
production-environment,2
productivity,4
profession,1
profile,1
profiler,3
profiling,4
programming-languages,11
programming-practices,3
progress,1
progress-4gl,1
progress-bar,5
progressdialog,1
project,6
project-euler,1
project-management,5
project-server-2007,1
projective-space,1
projects,2
projects-and-solutions,1
proliant,2
prolog,2
promotion,1
prompt,3
proof,1
proof-writing,3
propel,2
properties,15
propositional-calculus,1
protected,1
protection,1
protobuf-net,1
protocol-buffers,6
protocols,1
protorpc,1
protostuff,1
prototypal-inheritance,1
prototype,4
prototypejs,3
protrusion,1
provider,1
proxy,12
proxytunnel,1
ps,1
psexec,1
psql,1
pst,1
psycopg2,1
public,1
public-key-encryption,3
publish,4
publish-subscribe,1
publishing,3
publishing-site,2
pulseaudio,1
punbb,1
punctuation,2
puppet,2
purchase,1
push,4
push-notification,4
pusher,1
pushsharp,1
putimagedata,1
py2exe,2
pycharm,2
pycurl,1
pyephem,1
pygame,1
pyglet,2
pygobject,1
pygtk,3
pylab,1
pylint,1
pylons,3
pyopencl,1
pyplot,1
pyqt,2
pyqt4,1
pyramid,1
pyside,1
pysqlite,2
python,320
python-2.5,1
python-2.7,13
python-3.1,1
python-3.x,12
python-imaging-library,3
python-multithreading,1
python-sphinx,1
pythonpath,1
pywin32,1
pyzmq,1
qcow2,1
qdialog,1
qemu,2
qfiledialog,1
qgraphicsview,1
qkeyevent,1
qmainwindow,1
qmap,1
qml,1
qmodelindex,1
qnx,1
qos,1
qregexp,1
qsort,2
qt,41
qt-creator,1
qt-designer,2
qt4,7
qt4.6,1
qtkit,1
qtp,2
qtreeview,1
qtsql,1
qtwebkit,2
quadratic,2
quadratic-programming,1
quadtree,1
quantile,1
quantitative-finance,1
quantum-computing,1
quartz,3
quartz-2d,1
quartz-graphics,2
quartz-scheduler,3
quartz.net,1
query,46
query-optimization,4
query-performance,1
query-string,4
querydsl,1
queryover,1
queue,10
quickblox,1
quickfix,2
quicklisp,1
quicktime,1
qunit,2
quota,1
quotes,1
quoting,2
qwerty,1
r,45
r2winbugs,1
rabbitmq,2
rabl,1
race-condition,3
rack,1
rack-middleware,1
racket,1
rad,1
radgrid,1
radians,1
radio,3
radio-button,4
radius,1
radwindow,1
raid,10
raid-0,3
raid-1,2
raid-5,1
rails-admin,1
rails-migrations,1
rails-models,2
railstutorial.org,1
railway.js,1
raise,2
rake,2
rake-task,1
rally,1
ram,1
random,9
random-data,1
range,1
rangeslider,1
ranking,1
raphael,5
raspberry-pi,4
rate-limiting,2
rating,2
rational,1
ravendb,2
raw-sockets,1
rawurl,1
razor,14
rb-appscript,1
rbenv,1
rca,1
rcp,1
rdesktop,1
rdf,4
rdlc,1
rdoc,1
rdp,6
reachability,1
read-committed-snapshot,1
readdirectorychangesw,1
reader,1
readfile,2
reading,2
readlines,1
readonly,2
readwritelock,1
readystate,1
real-analysis,16
real-time,3
realurl,1
rear-lcd,1
rebase,2
reboot,1
recaptcha,2
receive,1
receiver,3
recommendation,1
record,3
recording,1
records,1
recordset,1
recover,1
recovery,6
recurrence-relations,2
recurring-billing,1
recursion,14
recursive,1
recursive-algorithms,1
recursive-regex,1
recycle-bin,1
red5,2
redhat,2
redirect,22
redirecting,1
redirection,1
redis,7
reduce,2
refactoring,10
reference,8
reference-request,2
referral,1
reflection,15
refresh,2
regasm,1
regex,105
regex-lookarounds,1
regex-negation,3
regfreecom,1
regions,1
registration,1
registry,6
regression,3
regular-expressions,2
reinstall,1
relational-algebra,1
relational-database,3
relations,1
relationship,1
relativelayout,3
relativesource,1
release-management,1
reload,1
reloaddata,1
remote,7
remote-access,3
remote-desktop,14
remote-server,1
remoteobject,1
remoting,4
removable-storage,1
removeclass,1
rename,3
render,3
renderer,1
rendering,2
renderpartial,1
renewal,1
repaint,1
repaintmanager,1
repair,1
repeat,2
repl,1
replace,9
replaceall,1
replication,7
reply,1
report,5
report-viewer2010,1
reporting,4
reporting-services,13
reportingservices-2005,1
reportlab,1
reportviewer,4
repository,7
repository-pattern,1
representation-theory,1
request,4
requestfactory,1
requests,1
require,2
require-once,1
requirejs,3
requirements,2
reservation,1
reserved,1
reset,1
reshape,1
reshape2,1
resharper,5
resharper-6.1,1
resizable,1
resize,3
resolution,3
resolutions,1
resolve,1
resourcebundle,1
resourcedictionary,1
resources,8
respond-to,1
respond-with,1
response,4
responseformat,1
responsive-design,2
resque,1
rest,21
restart,2
restfb,1
restful-authentication,2
restful-url,1
restkit,1
restlet,2
restore,4
result,1
results,1
resultset,1
retina-display,1
retinadisplay,1
retro-computing,1
return,4
return-by-reference,1
reverse,2
reverse-dns,2
reverse-engineering,1
reverse-proxy,3
revision,2
rewrite,4
rewrite-rules,1
rfc,1
rgb,1
rhel,1
rhel-6,1
rhel5,1
rhino,2
rhino-mocks,3
rhodes,1
rhomobile,1
ria,2
ribbon,3
ribbon-control,2
richfaces,5
richtext,1
richtextbox,1
riemann-surfaces,1
riemannian-geometry,1
right-click,1
rightscale,1
rijndael,1
ring-theory,4
ringtone,1
rm,2
rmi,1
roaming-profile,2
robocopy,1
robots.txt,1
robustness,1
rodc,1
roku,1
role,1
role-based,1
rollback,2
rome,1
root,1
roots-of-unity,1
rotatetransform,1
rotation,4
rotations,1
rounded-corners,1
rounding,1
route-constraint,1
router,6
routes,2
routing,12
row,4
rowid,2
rownumber,1
rows,3
rpc,1
rpm,2
rpt,1
rpxnow,1
rras,1
rrdtool,1
rsa,4
rsh,1
rspec,13
rspec-rails,1
rspec2,1
rss,6
rss-reader,1
rsync,3
rt,1
rtd,1
rtf,2
rtmp,1
rtos,1
rtp,1
rtsp,1
ruboto,1
ruby,138
ruby-1.8,1
ruby-1.9,2
ruby-1.9.2,2
ruby-on-rails,186
ruby-on-rails-3,85
ruby-on-rails-3.1,7
ruby-on-rails-3.2,5
ruby-on-rails-3.2.5,1
ruby-on-rails-plugins,1
rubygems,8
rubymine,1
rubymotion,1
rules,1
run,1
runnable,1
runtime,5
runtime-compilation,1
runtime-error,2
runtime.exec,1
rvalue,1
rvalue-reference,2
rvm,1
rvmrc,1
s#arp-architecture,1
saas,2
safari,9
safari-extension,1
sailfish-os,1
salesforce,6
saltedhash,1
samba,5
same-origin-policy,1
saml,1
sammy.js,1
sample-data,1
samsung,1
sandbox,2
sap,3
sap-connector,1
sapply,1
saprfc,1
sas,1
sass,2
sata,1
satellite-assembly,1
save,5
savechanges,1
saving,1
sax,2
sbt,2
sbt-android-plugin,1
scala,23
scala-2.8,1
scalability,2
scalable,1
scalaquery,1
scale,4
scaling,2
scanning,1
scatter,1
schedule,2
scheduled-task,1
scheduled-tasks,5
scheduler,2
scheduling,1
schema,6
schema-design,1
schemaless,1
scheme,6
schemes,2
scikit-learn,1
scikits,1
scipy,1
scons,1
scope,8
scoped-lock,1
scoring,1
scorm,1
scorm1.2,1
scp,2
scrapy,3
screen,1
screen-resolution,2
screen-scraping,4
screen-size,2
screensaver,1
screenshot,3
screwturn,1
script,15
scriptaculous,1
scripting,13
scriptresource.axd,1
scriptservice,1
scroll,4
scrolling,5
scrollto,1
scrolltop,1
scrollview,3
scrollviewer,3
scrum,1
scrypt,1
scss,1
sd-card,3
sdk,10
sdl,3
seam,5
search,23
search-engine,6
search-results,1
searchview,1
second-level-cache,1
section,2
sectioning,4
secure,1
security,56
security-roles,1
sed,7
seekbar,2
segmentation-fault,3
segue,2
select,22
selectbox,1
selectedindex,1
selecteditem,3
selection,6
selectlist,1
selectonemenu,1
selector,3
selectsinglenode,1
selenium,17
selenium-grid,2
selenium-ide,1
selenium-rc,2
selenium-webdriver,2
selenium2,2
self,1
self-hosting,1
self-improvement,5
self-signed,1
self-tracking-entities,1
selinux,2
selling,1
sem,1
semantic,1
semantic-web,2
semaphore,1
semidefinite-programming,1
sencha,3
sencha-touch,7
sencha-touch-2,4
send,1
sendgrid,1
sendkeys,1
sendmail,3
sensor,3
seo,10
seo-friendly,2
separator,3
seq,1
sequence,1
sequencematcher,1
sequences-and-series,10
serial,2
serial-port,7
serializable,1
serialization,13
server,5
server-restart,1
server-settings,1
server-side,2
server.mappath,1
serveraid,1
serversocket,3
service,17
service-rec,1
service-reference,1
servicelocator,1
servicestack,1
servlets,15
sesame,2
session,19
session-cookies,2
session-handling,2
session-state,1
session-variables,2
sessionid,1
sessions,1
set,3
set-include-path,1
set-intersection,1
setbackground,1
setcookie,1
setdefault,1
setfocus,1
setter,2
settimeout,2
settings,8
settings-api,1
settings.settings,1
settingsprovider,1
setup,2
setup-deployment,2
setup-project,2
setuptools,2
setw,1
sfinae,1
sftp,2
sha1,2
shader,4
shadow,1
shape,1
sharding,1
share,3
shared,4
shared-libraries,2
shared-memory,1
shared-ptr,2
sharedpreferences,3
sharekit,1
sharepoint,29
sharepoint-2007,2
sharepoint-deployment,1
sharepoint-designer,5
sharepoint-enterprise,3
sharepoint-foundation,4
sharepoint-online,1
sharepoint2007,7
sharepoint2010,11
sharing,5
sharp-architecture,1
sharppcap,1
sharpziplib,2
sheets,1
shell,34
shell-escape,1
shell-exec,2
shell-script,3
shellcode,1
shellexecute,1
shift,1
shipping,1
shiro,1
shockwave,1
shopify,1
shopping-cart,1
shortcode,2
shortcut,1
shorttags,1
shoutcast,1
show,1
showexpl,2
shutdown,2
siblings,2
sidebar,2
sifr,1
sigma,1
sign,2
signal-processing,2
signals,2
signature,1
signtool,1
silverlight,48
silverlight-2.0,3
silverlight-3.0,2
silverlight-4.0,17
silverlight-5.0,1
silverlight-toolkit,2
simd,1
similarily,1
similarity,2
simple-form,1
simpleadapter,1
simplecursoradapter,3
simplecv,1
simpledateformat,1
simplehttpserver,1
simplemodal,1
simpletest,1
simplexml,4
simplicial-stuff,1
simpy,1
simulation,4
simulator,2
sinatra,3
single-responsibility,1
singleton,2
singly-linked-list,1
sinon,1
sip,2
site-collection,1
site-column,2
sitemap,2
size,11
sizer,1
sizewithfont,1
sizzle,1
skew,1
skin,1
skinning,1
skins,1
skype,1
sled,1
sleep,4
slf4j,2
slice,2
slick2d,1
slickgrid,1
slider,5
slideshow,3
slow-connection,1
slug,1
smack,1
smart,1
smart-pointers,2
smart-tag,1
smartarray,2
smartphone,1
smarty,1
smb,2
smbfs,1
smime,1
smlnj,1
smo,2
sms,4
smt,1
smtp,8
snapshot,1
snapshot-isolation,1
snmp,5
snmp4j,1
snow-leopard,2
soa,3
soap,27
soap-client,2
soapui,3
social,1
socket.io,2
socketexception,1
sockets,40
socks5,1
soft-keyboard,1
soft-question,2
software,5
software-deployment,1
software-design,3
software-distribution,1
software-engineering,3
software-evaluation,1
software-quality,1
software-raid,2
software-rec,2
solaris,9
solr,12
solr4,2
solrnet,2
solution,1
solver,2
som,1
sonata-admin,1
sony-vaio,1
sorcery,1
sortable,2
sorting,17
soundcloud,1
source,1
source-code,3
sox,1
sp-send-dbmail,1
space,4
spaces,1
spacing,5
spam,3
spam-filter,1
spam-prevention,2
span,4
spark,2
sparql,2
spatialite,1
spdy,1
speaker,1
speakers,1
specflow,1
special-characters,4
special-functions,2
specificity,1
specman,1
speech-recognition,2
speech-to-text,1
speed,1
spell-check,1
spellchecking,1
sphinx,6
spinner,3
spl,1
splash,1
splice,1
splist,1
splistitem,1
split,8
splitter,1
spool,1
spotify,3
spreadsheet,3
spree,1
spring,40
spring-batch,1
spring-el,1
spring-integration,1
spring-mvc,14
spring-nature,1
spring-security,9
spring-ws,1
sprite,3
spritebatch,1
sproutcore,1
spsite,1
spweb,1
spyne,1
sql,207
sql-azure,1
sql-injection,1
sql-management-studio,1
sql-order-by,1
sql-scripts,1
sql-server,123
sql-server-2000,4
sql-server-2005,28
sql-server-2008,39
sql-server-2008-express,1
sql-server-2008-r2,3
sql-server-2012,3
sql-server-ce,4
sql-server-express,2
sql-update,2
sql-view,1
sqlalchemy,5
sqlanywhere,1
sqlclient,1
sqlclr,1
sqlcommand,2
sqlcommandbuilder,1
sqlconnection,1
sqldatareader,1
sqldatasource,2
sqldependency,1
sqlite,39
sqlite3,14
sqlitedatabase,1
sqliteopenhelper,1
sqlncli,1
sqlobject,1
sqlplus,1
sqltransaction,1
squid,1
srs,1
ssas,2
sscanf,2
ssd,1
ssdt,1
sse,1
ssh,22
ssh-tunnel,2
ssh-tunneling,1
sshj,1
ssis,8
ssis-data-transformations,1
ssl,26
ssl-certificate,10
sslstream,1
ssms,1
ssrs-2008,5
ssrs-reports,1
stack,6
stacking-symbols,1
stackoverflow,2
stackoverflow.com,1
stackpanel,2
stage,1
staging,1
standalone,2
standard-library,1
standards,2
standards-compliance,1
stanford-nlp,1
start-menu,1
startup,4
startup-scripts,1
stat,2
stata,1
static,9
static-analysis,2
static-content,1
static-libraries,2
static-linking,1
static-members,1
static-methods,1
static-resource,1
staticresource,1
statistics,15
stderr,1
stdin,4
stdio,1
stdout,3
stereo-3d,2
stl,7
stl-algorithm,1
stochastic-processes,2
stock,1
stock-photography,1
stopwatch,1
storage,9
stored-procedures,17
storyboard,4
str-replace,2
strace,1
strawberry-perl,1
strchr,1
strdup,1
stream,7
streaming,7
stretch,2
stretching,1
strict,1
strict-mode,1
string,60
string-array,1
string-formatting,1
string-literals,1
string-split,1
stringbuilder,1
stringtemplate,1
stringtokenizer,1
stripe,1
stripes,3
strong-typing,1
strpos,1
strtok,3
strtotime,1
struct,5
structure,3
structures,2
struts,8
struts-1,3
struts2,7
sts-springsourcetoolsuite,2
stsadm,1
stylecop,2
styles,7
styleswitching,1
subcaption,1
subclassing,1
subdirectory,1
subdomain,11
subdomains,1
subfloats,2
subfolder,2
subitem,1
sublimetext2,1
submit,6
submitting,1
submodule,1
subnet,1
subprocess,2
subquery,4
subsonic,1
subsonic3,1
substring,6
subversion,1
subversive,1
subview,2
sudo,3
sudoers,1
sum,4
summation,1
sun,1
sup,1
super,2
superclass,1
support,2
surface,2
surfaces,1
surround,1
suspend,2
svg,6
svn,29
swagger,1
swap,1
swc,1
sweave,2
swf,6
swfobject,2
swfupload,1
swi-prolog,1
swig,2
swing,52
swingx,1
swipe,2
switch,1
switch-statement,3
switching,1
swrl,1
swt,2
sxs,1
sybase,4
symbian,1
symbol-table,1
symbolic-link,2
symbolic-math,1
symbols,2
symfony,4
symfony-1.4,3
symfony-2.0,4
symfony-2.1,3
symfony1,3
symfony2,14
symlink,3
symmetric-key,1
sympy,1
synapse,1
sync,8
synchronization,8
synchronizationcontext,1
synchronous,2
syncml,1
syntax,17
syntax-error,3
syntax-highlighting,5
syntaxhighlighter,1
sysadmin,2
syscall,1
sysctl,1
sysdate,1
sysfs,1
system,3
system-info,1
system-monitoring,2
system-properties,1
system-tray,1
system.web.optimization,1
systemc,1
systemd,1
systemtime,1
t4,1
tabcontrol,2
tabitem,1
table,32
table-of-contents,5
table-relationships,1
tablelayout,1
tablemodel,1
tables,8
tablesorter,1
tablet,1
tableview,1
tabpage,1
tabpanel,1
tabs,10
tabview,1
tabwidget,1
tacit-programming,1
taction,1
tactionlist,1
tagging,1
tags,7
tail,1
tail-recursion,2
tar,4
target,1
task,1
task-manager,1
task-parallel-library,3
task-queue,1
taskbar,3
tasm,2
tastypie,1
taxes,1
taxonomy,7
tbb,1
tchromium,1
tcl,3
tclientdataset,1
tcm,1
tcp,13
tcpdf,2
tcpip,2
tcplistener,2
tdd,10
teaching,1
team-build,1
team-sites,1
teamcity,2
teamprise,1
teamwork,5
technology-choice,1
telecommunication,2
telephone,1
telephony,1
telephoto,1
telerik,12
telerik-grid,4
telerik-mvc,3
telnet,3
temp,2
temp-table,1
temperature,1
template,2
template-engine,4
template-templates,1
templates,26
templating,1
temporary,1
term,2
terminal,9
terminalservices,1
terminology,7
tessellation,1
tesseract,1
test,1
testflight,1
testing,21
testng,2
testunit,1
texmaker,2
text,23
text-editing,2
text-editor,3
text-editors,1
text-files,4
text-manipulation,1
text-processing,5
text-size,1
text-to-speech,1
text-wrapping,1
textarea,5
textblock,1
textbox,6
textchanged,1
textfield,2
textinput,1
textmate,2
textselection,2
texture,2
textures,2
texturing,1
textview,6
textwatcher,1
textwrangler,1
textwrapping,1
tfs,20
tfs2010,6
tfsbuild,2
the-content,2
theme,1
theme-development,3
theme-recommendation,1
theme-twenty-eleven,1
themes,6
theorems,2
theory,1
thick-provisioning,1
thickbox,3
thin,1
thin-client,1
thin-provisioning,1
thinking-sphinx,1
this,2
thor,1
thread-dump,1
thread-local,1
thread-local-storage,2
thread-safety,4
threading,1
threadpool,3
three.js,4
three20,2
thumbnails,3
thunderbird,1
ticket,1
ticket-system,1
tiff,1
tikz-pgf,5
tiles,3
time,13
time-complexity,2
time-machine,1
time-management,1
time-series,3
timefield,1
timeit,1
timeout,10
timepicker,2
timer,13
timer-jobs,1
timertask,1
timespace,1
timespan,1
timestamp,11
timetable,1
timezone,7
timezoneoffset,1
tinymce,8
tips-and-tricks,3
titanium,3
titanium-mobile,2
title,3
titlebar,1
titlesec,1
tivoli,1
tizen,1
tkinter,5
tls,1
tnsnames,1
toad,1
toggle,5
tokenize,1
tomahawk,2
tomcat,25
tomcat6,3
tomcat7,3
toolbar,2
toolkit,1
toolkitscriptmanager,1
tooltip,4
top,1
topological-graph-theory,1
topological-groups,2
topological-k-theory,1
topological-vector-spaces,1
tor,2
tornado,4
tortoisehg,1
tortoisesvn,2
tostring,1
total,1
touch,4
touchesmoved,1
touchpad,1
touchscreen,2
trace,2
tracking,3
traffic,1
transaction-isolation,1
transactional,1
transactions,10
transcoding,1
transfer,1
transform,3
transformation,3
translate,3
translation,2
translator,1
translucency,1
transmission,1
transparency,3
transparent,2
transpose,1
trap,1
trash,1
travel,1
traversal,1
tree,6
tree-nodes,1
trees,1
treetable,1
treeview,5
tridion,2
tridion-2011,2
triggers,12
trigonometry,5
triple-channel,1
tripledes,1
trouble-tickets,1
troubleshooting,5
truecrypt,2
try-catch,2
try-catch-finally,2
tsql,31
tstringlist,1
tumblr,2
tune2fs,1
tunnel,1
tutorials,4
twebbrowser,2
tweepy,1
tweetsharp,1
twisted,3
twitter,15
twitter-api,4
twitter-bootstrap,18
twos-complement,1
type-constraints,1
type-conversion,2
type-safety,1
typedef,1
typeerror,1
typeface.js,1
typekit,1
typeloadexception,1
types,18
typing,2
typo3,3
u-boot,1
uac,4
uart,2
ubercart,1
ubuntu,54
ubuntu-10.04,5
ubuntu-10.10,2
ubuntu-11.04,2
ubuntu-12.04,2
ubuntu-12.10,1
ubuntu-9.10,1
ucs2,1
uddi,1
udev,1
udf,1
udp,6
udt,1
uefi,1
ufo,1
ufw,1
uiactionsheet,1
uiactivityindicatorview,1
uianimation,1
uiapplication,1
uiapplicationdelegate,1
uibarbuttonitem,1
uibezierpath,2
uibinder,1
uibutton,9
uicollectionview,4
uicollectionviewcell,2
uicolor,1
uicomponents,1
uicontrol,2
uidatepicker,2
uidocumentinteraction,1
uigesturerecognizer,2
uiimage,3
uiimagepickercontroller,3
uiimageview,6
uiinterfaceorientation,1
uikit,8
uilabel,5
uilocalnotification,1
uimodalpresentationstyle,1
uinavigationbar,2
uinavigationcontroller,6
uinavigationitem,1
uipangesturerecognizer,1
uipickerview,5
uipopovercontroller,1
uiscrollview,6
uisearchbar,2
uisearchdisplaycontroller,2
uisplitviewcontroller,3
uistoryboard,2
uitabbar,3
uitabbarcontroller,4
uitabbaritem,3
uitableview,23
uitableviewcell,10
uitableviewcontroller,3
uitableviewdatasource,1
uitableviewdelegate,1
uitextfield,6
uitextview,1
uitoolbar,1
uitouch,2
uittabbarcontroller,1
uiview,13
uiviewcontroller,9
uiwebview,10
uiwindow,1
ulimit,1
uml,5
unavailable,1
unbound,2
unboxing,1
uncrustify,1
undefined,2
undefined-behavior,1
undefined-reference,1
undelete,1
underline,2
underscore.js,3
unhandled-exception,2
unicode,18
unicode-math,1
unicorn,1
uninstall,2
union,3
unique,3
unit-testing,34
united-states,3
unity,4
unity3d,3
unix,36
unix-socket,1
unix-utils,1
unixodbc,1
uno,1
unobtrusive-javascript,1
unobtrusive-validation,2
unpack,1
unpacking,1
unresolved-external,1
unsafe,3
unsigned,1
untagged,1
unzip,2
upc,1
update,7
update-post-meta,1
updateprogress,2
updates,3
upgrade,8
upload,9
uploadify,2
uploads,1
ups,1
uri,5
url,23
url-rewrite-module,1
url-rewriting,12
url-routing,5
urlencode,2
urlfetch,1
urllib,1
urllib2,2
urlparse,1
urlrequest,1
urlrewriter.net,1
urls,1
usability,3
usage-statistics,2
usb,24
usb-3,1
usb-drive,2
usb-flash-drive,6
use-case,2
usebean,1
user,10
user-accounts,2
user-agent,1
user-authentication,1
user-experience,1
user-identification,1
user-input,2
user-interface,15
user-management,1
user-meta,1
user-profile,1
user-rights,2
user-roles,1
user-settings,1
user.config,1
user32,1
usercontrols,14
username,2
users,2
userscripts,1
using,1
using-statement,1
ussd,1
utc,1
utf,1
utf-8,6
util,1
utilities,2
uuid,1
v8,1
vaadin,4
vagrant,1
valid-html,1
validation,26
validator,1
value,1
value-type,1
valueconverter,1
variable-assignment,1
variable-names,1
variable-scope,3
variableargumentlists,1
variables,19
variadic-templates,1
vb.net,85
vb.net-2010,2
vb.net-to-c#,1
vb6,13
vb6-migration,2
vba,23
vbscript,12
vbulletin,1
vcard,1
vcl,2
vector,7
vector-analysis,2
vector-bundles,1
vector-spaces,3
vectorization,2
ventrilo,1
verbatim,4
verbosity,1
verilog,1
version,3
version-control,17
version-range,1
versioning,4
vertex,1
vertical-alignment,1
vhdl,1
vhosts,1
vi,1
vici,1
video,22
video-capture,3
video-editing,1
video-encoding,1
video-processing,1
video-streaming,5
videoview,1
view,11
view-first,1
view-helpers,1
viewbag,5
viewcontroller,1
viewdata,1
viewdidunload,1
viewengine,1
viewexpiredexception,1
viewflipper,2
viewmodel,3
viewparams,1
viewresult,1
views,2
viewstate,3
vim,17
vim-syntax-highlighting,1
vimeo,2
vimrc,1
vimscript,1
virtual,1
virtual-desktop,1
virtual-directory,1
virtual-host,2
virtual-hosts,2
virtual-keyboard,2
virtual-machine,3
virtual-memory,2
virtual-pc,2
virtualbox,7
virtualenv,2
virtualhost,7
virtualization,9
virus,1
visibility,1
visible,1
vision,1
visitor-statistic,1
visual-c#-express-2010,2
visual-c++,21
visual-editor,1
visual-effects,1
visual-sourcesafe,2
visual-studio,62
visual-studio-2003,1
visual-studio-2005,3
visual-studio-2008,19
visual-studio-2010,50
visual-studio-2012,5
visual-studio-addins,1
visual-studio-debugging,1
visual-studio-lightswitch,1
visual-studio-setup-proje,1
visual-studio-team-system,1
visualforce,2
visualization,3
visualstatemanager,1
vlc,1
vlookup,2
vmware,2
vmware-esx,2
vmware-esxi,7
vmware-player,3
vmware-server,1
vmware-tools,1
vmware-workstation,2
vnc,3
void,2
void-pointers,1
voip,3
volatile,1
volume,1
vorbis,1
voting,1
vpn,8
vps,5
vs-extensibility,2
vsdbcmd,1
vsftpd,2
vsix,1
vsto,3
vsts2008,1
vxworks,1
w3c,1
w3c-validation,1
wacom,1
wadl,1
waf,1
wait,3
waiting,1
wake-on-lan,1
wallpaper,3
wamp,4
wampserver,2
wan,2
war,1
warbler,1
warnings,1
warren-buffet,1
watch,1
watchservice,1
waterfall,1
watermark,1
watin,1
watir,4
watir-webdriver,3
waveform,1
wcf,63
wcf-binding,3
wcf-data-service,1
wcf-data-services,3
wcf-interoperability,1
wcf-ria-services,2
wcf-security,2
web,20
web-access,1
web-applications,19
web-config,3
web-crawler,3
web-development,1
web-framework,1
web-frameworks,1
web-hosting,7
web-part,3
web-reference,1
web-scraping,1
web-security,2
web-services,58
web-sql,1
web.py,2
web.xml,4
webbrowser,3
webbrowser-control,1
webcam,5
webclient,1
webcontrols,1
webdav,5
webdriver,6
webfilter,1
webforms,9
webformsmvp,1
webgl,6
webkit,11
webkitgtk,1
weblogic,3
webmatrix,2
webmethods,2
webpage,1
webparts,2
webrequest,1
webresource.axd,1
webrtc,1
websense,1
webserver,12
webservice,1
webservice-client,1
website,18
websites,1
websocket,2
websphere-mq,4
websphere-mq-ams,1
webview,14
weekday,1
weekend,1
weighted-average,2
weka,1
wget,8
wheezy,1
where,2
where-clause,1
while-loop,3
whiletrue,1
whm,1
wicket,2
widescreen,1
widget,7
widgets,4
width,1
wif,2
wifi,4
wifimanager,1
wiki,1
wikipedia,1
wikipedia-api,1
wildcard,4
wildcard-subdomain,2
wildcards,1
win32-process,1
winamp,1
winapi,21
windbg,2
window,6
window-manager,1
window-managers,1
window-resize,1
windows,148
windows-2000,1
windows-7,88
windows-7-embedded,1
windows-8,15
windows-8-apps,1
windows-8-preview,3
windows-98,2
windows-authentication,1
windows-azure-storage,2
windows-ce,5
windows-console,1
windows-controls,1
windows-defender,1
windows-desktop-gadgets,1
windows-domain,2
windows-embedded,1
windows-explorer,4
windows-firewall,1
windows-forms-designer,2
windows-installer,7
windows-key,1
windows-live,1
windows-live-messenger,1
windows-media-player,1
windows-mobile,3
windows-phone,2
windows-phone-7,29
windows-phone-7.1,3
windows-phone-8,1
windows-photo-gallery,1
windows-registry,2
windows-runtime,9
windows-sbs,2
windows-sbs-2003,2
windows-sbs-2008,2
windows-search,2
windows-server,4
windows-server-2003,19
windows-server-2008,26
windows-server-2008-r2,11
windows-server-2008-sp2,1
windows-server-2012,3
windows-service,1
windows-services,9
windows-terminal-server,1
windows-update,3
windows-vista,11
windows-xp,32
windows-xp-embedded,1
windowsformshost,1
winforms,70
wininet,1
winpcap,1
winpdb,1
winrt-xaml,3
winscp,1
winsock,2
winsock2,1
winsxs,2
wired,1
wireless,3
wireless-access-point,1
wireless-networking,10
wireless-router,1
wireshark,2
wix,5
wix3,1
wizard,1
wkhtmltopdf,4
wm-copydata,1
wmi,5
wmi-query,1
wmi-service,1
woocommerce,2
word,1
word-2007,1
word-2010,1
word-field,1
word-wrap,1
wordpress,54
wordpress-loop,2
wordpress-plugin,6
wordpress-plugin-dev,2
wordpress-theming,4
wordpress.com,1
wordpress.org,1
work-environment,1
workaround,1
worker-process,1
workflow,7
workflow-foundation,4
workflow-foundation-4,3
working-copy,1
worksheet,1
worksheet-function,1
workspace,2
wp-enqueue-script,2
wp-localize-script,2
wp-query,7
wp-redirect,1
wpdb,1
wpf,112
wpf-4.0,1
wpf-controls,7
wpfdatagrid,4
wpftoolkit,1
wrap,1
writefile,1
ws-ex-layered,1
wscript,1
wsdl,6
wsdl2java,1
wsgi,2
wshttpbinding,1
wsimport,1
wsit,1
wso2,3
wso2esb,1
wss,2
wss-3.0,3
wxerlang,1
wxpython,3
wxwidgets,4
wysiwyg,2
x++,1
x-server,1
x.org,1
x11,3
x12,1
x509,2
x509certificate,5
x64,1
x86,5
xaml,27
xamlreader,1
xampp,3
xargs,1
xbap,2
xbmc,1
xcache,1
xcode,74
xcode-template,1
xcode3.2,1
xcode4,12
xcode4.2,5
xcode4.5,5
xcode4.6,1
xcodebuild,1
xdmcp,1
xdocument,1
xen,3
xerces-c,1
xetex,3
xfce,1
xfs,1
xhtml,14
xhtml-1.0-strict,1
xib,3
xjc,1
xkeyval,1
xlib,1
xll,1
xml,103
xml-dom,1
xml-namespaces,1
xml-parsing,5
xml-rpc,3
xml-schema,7
xml-serialization,5
xml-simple,1
xml-swf-charts,1
xml-twig,2
xml-validation,1
xmldocument,1
xmlhttprequest,12
xmlnode,1
xmlschemaset,1
xmlslurper,1
xmpp,2
xna,13
xna-4.0,1
xom,1
xorg,4
xpages,2
xpages-ssjs,1
xpath,12
xpcom,1
xquery,2
xsd,7
xsd-validation,1
xserver,1
xsl-fo,1
xslt,20
xslt-1.0,3
xslt-2.0,1
xslt-grouping,1
xsom,1
xss,5
xss-prevention,1
xstream,1
xtable,1
xtragrid,1
xtrareport,3
xtratreelist,1
xts,1
xul,1
xvfb,2
xy-pic,2
yaml,4
yaml-cpp,1
yield,1
yii,11
yii-db,1
yii-extensions,1
yii-modules,1
yii-mvc,1
yml,1
youtube,8
youtube-api,5
yql,1
yui,1
yum,3
z-index,3
z3,3
zend-cache,1
zend-db,3
zend-db-table,2
zend-form,2
zend-form-element,1
zend-framework,30
zend-framework2,3
zend-mail,1
zend-paginator,1
zend-route,1
zend-server-ce,1
zend-session,1
zend-studio,1
zentest,1
zero,2
zeroclipboard,2
zfs,2
zip,6
zipoutputstream,1
zk,2
zookeeper,1
zoom,4
zooming,4
zoomooz,1
zsh,2
zurb-foundation,1
zxing,1
