Tags,Counts
dynamic-linking,4
tutorials,4
uac,4
return,4
microsoft-excel-2007,4
normal-distribution,4
sql-server-2000,4
eclipse-rcp,4
microsoft,4
instantiation,4
noconflict,4
freeze,4
kerberos,4
int,4
outlook-addin,4
osx-snow-leopard,4
rewrite,4
reportviewer,4
request,4
key,4
modal,4
twitter-api,4
data-recovery,4
mod-wsgi,4
scroll,4
sectioning,4
custom-post-types,4
eclipselink,4
education,4
uicollectionview,4
language-features,4
notepad++,4
bytearray,4
arguments,4
stdin,4
sharepoint-foundation,4
ejb,4
powerpoint,4
large-files,4
response,4
sleep,4
query-optimization,4
element,4
nosql,4
tar,4
opengraph,4
custom-controls,4
build-process,4
legal,4
restore,4
yaml,4
custom-field,4
output,4
windows-server,4
cross-platform,4
asp.net-mvc-routing,4
cursor,4
normalization,4
pdo,4
crm,4
query-string,4
overflow,4
nfs,4
preg-match,4
naming-conventions,4
oracle11g,4
floats,4
dllimport,4
ireport,4
doctrine2,4
bitwise,4
widgets,4
msi,4
scale,4
document-library,4
publish,4
rsa,4
jms,4
axis2,4
addclass,4
wifi,4
tooltip,4
add-in,4
probability-distributions,4
prototype,4
background-image,4
algebraic-number-theory,4
grub,4
three.js,4
adobe-photoshop,4
thread-safety,4
profiling,4
xorg,4
fontspec,4
gzip,4
differential-geometry,4
multisite,4
differential-equations,4
web.xml,4
productivity,4
dialog,4
jboss7.x,4
multiple-monitors,4
websphere-mq,4
itunesconnect,4
itunes,4
itextsharp,4
order,4
watir,4
wildcard,4
text-files,4
drivers,4
datepicker,4
dropbox,4
ring-theory,4
greatest-n-per-group,4
startup,4
authorization,4
json-encode,4
json.net,4
mongoose,4
sql-server-ce,4
wkhtmltopdf,4
template-engine,4
telerik-grid,4
nhibernate-mapping,4
windows-explorer,4
attributes,4
jtextfield,4
screen-scraping,4
alarmmanager,4
network-share,4
simulation,4
push,4
tornado,4
nested,4
row,4
definite-integral,4
blogger,4
default,4
touch,4
jqplot,4
push-notification,4
ddos,4
decode,4
fortran,4
ios-simulator,4
rotation,4
simplexml,4
jquery-events,4
forum,4
wamp,4
corruption,4
html-encode,4
loading,4
clickonce,4
coffeescript,4
mapreduce,4
get,4
logout,4
maps,4
space,4
workflow-foundation,4
external,4
remoting,4
sybase,4
annotations,4
media,4
gdi+,4
raspberry-pi,4
unity,4
pcre,4
plone,4
content-type,4
symfony,4
links,4
categories,4
wxwidgets,4
memory-allocation,4
special-characters,4
linq-to-objects,4
contacts,4
clojure,4
esb,4
vaadin,4
subquery,4
symfony-2.0,4
plugin-development,4
ethernet,4
clipboard,4
conditional,4
nullreferenceexception,4
classpath,4
versioning,4
wpfdatagrid,4
honeycomb,4
expandablelistview,4
plugin-recommendation,4
hook,4
span,4
horizontal-alignment,4
verbatim,4
location,4
observablecollection,4
ice-cream-sandwich,4
android-listview,4
compact-framework,4
circle,4
execution,4
field,4
oauth-2.0,4
hudson,4
shader,4
expression-blend,4
lists,4
geolocation,4
android-webview,4
sencha-touch-2,4
computer-building,4
sum,4
png,4
numpy,4
export,4
load,4
lie-groups,4
command,4
httpwebrequest,4
code-review,4
rdf,4
hsqldb,4
core-animation,4
controls,4
playframework-2.0,4
message-queue,4
conversion,4
lvm,4
zoom,4
gae-datastore,4
glassfish-3,4
file-sharing,4
2007,4
apache-poi,4
game-engine,4
entity-relationship,4
hp,4
metabox,4
clr,4
filenames,4
zooming,4
reporting,4
entity-framework-4.1,4
uitabbarcontroller,4
entity,4
contextmenu,4
sms,4
wordpress-theming,4
storyboard,4
shared,4
include,4
continuous-integration,4
android-button,4
radio-button,4
onchange,4
histogram,4
div-layouts,3
facebook-sharer,3
base64,3
android-actionbar,3
java-ee-6,3
android-manifest,3
threadpool,3
nested-forms,3
iostream,3
profiler,3
ajaxcontroltoolkit,3
wso2,3
expression,3
ocaml,3
set,3
silverlight-2.0,3
automatic,3
hosts,3
prism,3
netbeans-7,3
displaytag,3
facelets,3
programming-practices,3
dotnetopenauth,3
serversocket,3
ivy,3
struts-1,3
odbc,3
exists,3
expansion,3
structure,3
hardware-acceleration,3
x11,3
distribution,3
background-color,3
privileges,3
fastcgi,3
naudio,3
nagios,3
ipod,3
stripes,3
wss-3.0,3
iptables,3
name,3
ipv6,3
iteration,3
nameserver,3
haml,3
theme-development,3
andengine,3
sap,3
wxpython,3
django-queryset,3
http-status-code-404,3
backgroundworker,3
http-referer,3
while-loop,3
httpd,3
flex3,3
text-editor,3
django-cms,3
ip-address,3
strtok,3
average,3
sudo,3
httpresponse,3
division,3
fcgi,3
httprequest,3
facebook-javascript-sdk,3
hql,3
ipc,3
hotkeys,3
navigationcontroller,3
xml-rpc,3
thickbox,3
httpd.conf,3
android-dialog,3
mysqli,3
documentum,3
plesk,3
nsmutablearray,3
hardware-raid,3
symfony-2.1,3
appdomain,3
highlight,3
xetex,3
pipe,3
bdd,3
nsurl,3
stdout,3
ejb-3.0,3
nsurlconnection,3
egit,3
symlink,3
windows-update,3
helpers,3
nsxmlparser,3
artificial-intelligence,3
sdl,3
inputstream,3
windows-server-2012,3
asp.net-membership,3
symfony1,3
sd-card,3
erlang,3
asp.net-webforms,3
task-parallel-library,3
aop,3
error-message,3
xib,3
highcharts,3
npm,3
sharepoint-enterprise,3
sharedpreferences,3
encode,3
indentation,3
selector,3
index,3
filesize,3
positioning,3
system,3
selecteditem,3
inequality,3
implementation,3
impersonation,3
ember.js,3
infopath,3
entity-framework-5,3
wireless,3
embedded-linux,3
arch-linux,3
segmentation-fault,3
xen,3
amazon-cloudfront,3
opencart,3
syntax-error,3
power,3
winrt-xaml,3
initialization,3
elisp,3
antlr3,3
taskbar,3
automapper,3
finite-groups,3
attachments,3
numerical-methods,3
idle,3
telerik-mvc,3
telnet,3
shell-script,3
scrapy,3
openlayers,3
sendmail,3
newline,3
xampp,3
interview,3
ideals,3
sensor,3
hashtable,3
new-operator,3
invalidate,3
inversion-of-control,3
driver,3
separator,3
auto-update,3
network-shares,3
windows-8-preview,3
ajaxtoolkit,3
observer-pattern,3
prime-numbers,3
record,3
pi,3
preg-replace,3
header-files,3
integration-testing,3
powershell-v2.0,3
picture,3
symfony-1.4,3
polygon,3
integer,3
assemblies,3
scrollviewer,3
scrollview,3
share,3
tcl,3
nokogiri,3
eval,3
noise,3
atomic,3
hlsl,3
windows-phone-7.1,3
event-log,3
asterisk,3
intellisense,3
windows-mobile,3
workflow-foundation-4,3
home,3
interface-builder,3
sencha,3
screenshot,3
switch-statement,3
heredoc,3
copy-paste,3
css-float,3
lifecycle,3
uitabbaritem,3
core-graphics,3
google-maps-markers,3
core-plot,3
g++,3
uitabbar,3
liferay,3
uisplitviewcontroller,3
mfmailcomposeviewcontroll,3
outlook-2007,3
lie-algebras,3
spinner,3
counter,3
cancel,3
libgdx,3
virtual-machine,3
slideshow,3
microsoft-metro,3
core-audio,3
yum,3
z-index,3
capture,3
raid-0,3
lines,3
radio,3
viewmodel,3
z3,3
mercurial,3
google-chrome-extensions,3
control,3
race-condition,3
convergence,3
line-breaking,3
google-docs,3
viewstate,3
lighttpd,3
google-drive-sdk,3
software-engineering,3
uitableviewcontroller,3
requirejs,3
lens,3
uiimagepickercontroller,3
mips,3
overlay,3
lan,3
full-text-search,3
gpu,3
custom-attributes,3
sprite,3
ksoap2,3
grammar,3
bugs,3
visualization,3
kml,3
outofmemoryexception,3
typo3,3
cxf,3
cygwin,3
kill,3
reverse-proxy,3
fullscreen,3
bundler,3
uiimage,3
ctypes,3
legend,3
microsoft-outlook,3
microsoft-outlook-2010,3
package,3
cross-domain,3
resize,3
resolution,3
spotify,3
spreadsheet,3
quartz-scheduler,3
access-vba,3
quartz,3
thumbnails,3
css-selectors,3
css-transitions,3
byte,3
visual-studio-2005,3
linker-error,3
contact,3
underscore.js,3
usability,3
real-time,3
gnu-screen,3
marker,3
market,3
partition,3
regex-negation,3
payment-gateway,3
columns,3
markup,3
paypal-api,3
variable-scope,3
spam,3
logarithms,3
ckeditor,3
soa,3
gentoo,3
master-pages,3
loop,3
source-code,3
log4j,3
soapui,3
software-design,3
receiver,3
git-pull,3
cmd,3
make,3
cmake,3
clustering,3
.net-assembly,3
global,3
global-asax,3
lyx,3
global-variables,3
manifolds,3
code-generation,3
gevent,3
closures,3
gnu,3
commit,3
communication,3
gateway,3
live,3
remote-access,3
7zip,3
unity3d,3
united-states,3
media-queries,3
unique,3
mediaelement.js,3
video-capture,3
union,3
connection-pooling,3
rename,3
zend-db,3
render,3
linux-device-driver,3
cell,3
constants,3
celery,3
concatenation,3
character,3
commutative-algebra,3
live-streaming,3
regression,3
parent,3
mathematical-optimization,3
vector-spaces,3
updates,3
maven-3,3
localhost,3
version,3
locale,3
complex-numbers,3
zend-framework2,3
relational-database,3
components,3
unsafe,3
google-apps,3
relativelayout,3
llvm,3
d3.js,3
mstest,3
dell,3
jpeg,3
tips-and-tricks,3
web-part,3
decompression,3
device,3
tracking,3
formula,3
jquery-autocomplete,3
oracle-adf,3
motherboard,3
binomial-coefficients,3
wallpaper,3
multiline,3
multiplayer,3
transform,3
transformation,3
translate,3
moq,3
permutations,3
transparency,3
jcombobox,3
wait,3
db2,3
pygtk,3
simplecursoradapter,3
sinatra,3
pylons,3
proof-writing,3
webbrowser,3
time-series,3
blogs,3
development-environment,3
bootloader,3
delay,3
rsync,3
web-crawler,3
jframe,3
web-config,3
jira,3
jit,3
public-key-encryption,3
wcf-data-services,3
jetty,3
desktop-computer,3
tomcat6,3
tomcat7,3
ms-office,3
publishing,3
prototypejs,3
title,3
wcf-binding,3
delphi-xe2,3
jobs,3
jdk,3
watir-webdriver,3
mpmovieplayercontroller,3
joomla1.5,3
titanium,3
rows,3
ordering,3
xslt-1.0,3
jpanel,3
forms-authentication,3
monitor,3
jre,3
json-decode,3
vnc,3
tiles,3
adobe-cs5,3
modules,3
activemq,3
datacontext,3
voip,3
modular-arithmetic,3
database-project,3
frame,3
ribbon,3
models,3
model,3
branch,3
data.frame,3
rhino-mocks,3
xtrareport,3
twisted,3
browser-compatibility,3
weblogic,3
mockito,3
vmware-player,3
mobile-safari,3
disable,3
buffer,3
jtextarea,3
javascript-framework,3
desktop,3
dijit,3
bounds,3
vsto,3
mongoid,3
sql-server-2012,3
prompt,3
sql-server-2008-r2,3
box2d-iphone,3
python-imaging-library,3
datasource,3
gwt-rpc,2
hack,2
gtk+,2
google-analytics,2
oracle-xe,2
operating-systems,2
pca,2
operator-overloading,2
patents,2
sha1,2
passport,2
gnupg,2
openoffice.org,2
parametric,2
similarity,2
setup-deployment,2
setup-project,2
google-api-client,2
paperclip,2
setuptools,2
sidebar,2
placeholder,2
phpunit,2
silverlight-3.0,2
guava,2
silverlight-toolkit,2
hosts-file,2
signal-processing,2
gxt,2
setup,2
php-errors,2
options,2
paypal-ipn,2
operating-system,2
openx,2
gstreamer,2
sign,2
openvpn,2
guid,2
openxml,2
hostname,2
soap-client,2
operator-precedence,2
snow-leopard,2
gmp,2
gnome,2
soft-question,2
signals,2
html-agility-pack,2
sftp,2
openshift,2
partitions,2
one-to-many,2
socket.io,2
patterns,2
href,2
openfiledialog,2
siblings,2
pid,2
greasemonkey,2
openjpa,2
hbm2ddl,2
slf4j,2
openldap,2
slice,2
sharepoint-2007,2
hashtag,2
ping,2
packages,2
padding,2
hid,2
opacity,2
google-spreadsheet-api,2
google-spreadsheet,2
smart-pointers,2
google-plus,2
pack,2
gpg,2
handle,2
ownership,2
osx-mountain-lion,2
performance-monitoring,2
openframeworks,2
grand-central-dispatch,2
heap,2
opengl-es-2.0,2
site-column,2
grails-2.0,2
gradient,2
outputstream,2
sip,2
gpt,2
sharpziplib,2
singleton,2
overloading,2
overwrite,2
shell-exec,2
hashset,2
page,2
google-places-api,2
ostream,2
page-lifecycle,2
showexpl,2
handler,2
orchardcms,2
grouping,2
google-checkout,2
paint,2
hive,2
google-calendar,2
groups,2
pivot-table,2
openni,2
shutdown,2
home-networking,2
pandas,2
pkg-config,2
photo,2
sitemap,2
onload,2
onsubmit,2
high-availability,2
hidden-field,2
simulator,2
hierarchical,2
hierarchicaldatatemplate,2
shared-ptr,2
shortcode,2
smartarray,2
pgfplots,2
hardware-combination,2
higher-order-functions,2
smb,2
hardware-failure,2
smo,2
shared-libraries,2
phone,2
ordinals,2
operator-keyword,2
mahout,2
html-email,2
keyevent,2
qt-designer,2
mkmapview,2
lag,2
label,2
restful-authentication,2
kubuntu,2
ksoap,2
restlet,2
kohana,2
mmap,2
reverse,2
reverse-dns,2
kinect,2
mms,2
keywords,2
keyword,2
revision,2
qtp,2
mirroring,2
landscape,2
microsoft-powerpoint,2
microsoft-excel-2010,2
libcurl,2
require,2
microsoft-office,2
requirements,2
learning,2
leak,2
midi,2
restart,2
midp,2
launch,2
latitude-longitude,2
quartz-graphics,2
quadratic,2
qtwebkit,2
responsive-design,2
keys,2
qsort,2
onblur,2
kendo-ui,2
pycharm,2
py2exe,2
mouseevent,2
jqtouch,2
routes,2
rowid,2
puppet,2
punctuation,2
jogl,2
jodatime,2
publishing-site,2
job-scheduling,2
jndi,2
rpm,2
msmq,2
jettison,2
rtf,2
rollback,2
pyglet,2
moss,2
modulo,2
kendo-grid,2
rhino,2
ria,2
model-theory,2
qemu,2
ribbon-control,2
jtextcomponent,2
monads,2
jquery-templates,2
jsp-tags,2
pysqlite,2
pyqt,2
monodevelop,2
rm,2
roaming-profile,2
jquery-ui-autocomplete,2
libpng,2
libraries,2
libreoffice,2
license-key,2
reduce,2
rebase,2
lotus-notes,2
lotus,2
maple,2
lookup,2
reference-request,2
refresh,2
margin,2
readonly,2
marklogic,2
reading,2
marshalling,2
mask,2
readfile,2
master-detail,2
log4net,2
many-to-many,2
mantis,2
luatex,2
machine-learning,2
magento-1.7,2
main,2
maintainability,2
recurrence-relations,2
macports,2
recaptcha,2
malware,2
macbook-pro,2
manipulation,2
macbook,2
mac-app-store,2
mamp,2
red5,2
lwuit,2
redhat,2
lucene.net,2
log-files,2
regular-expressions,2
math-mode,2
metadata,2
menus,2
line-breaks,2
line,2
limitations,2
messagebox,2
rabbitmq,2
lightroom,2
metaprogramming,2
rendering,2
lift,2
meteor,2
quoting,2
liferay-6,2
microcontroller,2
qunit,2
quickfix,2
repeat,2
raid-1,2
maven-plugin,2
md5,2
maximum,2
ravendb,2
local-storage,2
rating,2
local,2
load-balancing,2
rate-limiting,2
listings,2
linq-to-xml,2
mechanize,2
mediawiki,2
rake,2
linux-mint,2
raise,2
rails-models,2
linqpad,2
multi-touch,2
multicol,2
multicore,2
innerhtml,2
selenium-rc,2
img,2
nsrange,2
portability,2
nstableview,2
nstextfield,2
selenium-webdriver,2
selenium2,2
popup,2
nsthread,2
popen,2
nsuserdefaults,2
nsview,2
image-uploading,2
image-resizing,2
selinux,2
iis7.5,2
immutability,2
selenium-grid,2
in-app-billing,2
seekbar,2
np-hardness,2
section,2
injection,2
power-supply,2
nsdate,2
infrastructure,2
postscript,2
posts,2
in-app-purchase,2
segue,2
infinity,2
nsfetchedresultscontrolle,2
nsfilemanager,2
nsjsonserialization,2
post-formats,2
increment,2
nuget,2
polling,2
iis-express,2
oledb,2
http-status-code-301,2
session-cookies,2
session-handling,2
http-headers,2
session-variables,2
http-caching,2
platform,2
html5boilerplate,2
sesame,2
html5-video,2
html5-canvas,2
omniauth,2
setter,2
settimeout,2
omnifaces,2
html-entities,2
playing-cards,2
httpclient,2
semantic-web,2
icomparable,2
ignore,2
ienumerable,2
ie6-bug,2
nutrition,2
object-oriented,2
objectdatasource,2
objective-c++,2
seo-friendly,2
httphandler,2
serial,2
ocr,2
server-side,2
octave,2
hyper-v,2
office,2
httpmodule,2
inner-classes,2
inotify,2
ruby-1.9,2
notes,2
jailbreak,2
mylyn,2
saas,2
production-environment,2
mysqldump,2
itemize,2
sandbox,2
sass,2
processing,2
sax,2
sbt,2
nasm,2
ironpython,2
nat,2
natbib,2
irc,2
scalability,2
rvalue-reference,2
java-7,2
runtime-error,2
javascript-library,2
ruby-1.9.2,2
jbutton,2
multiple,2
propel,2
multitasking,2
jax-rs,2
prolog,2
music,2
mvvm-light,2
proliant,2
mustache,2
projects,2
mutex,2
mutt,2
java.util.concurrent,2
java-util-scanner,2
native,2
scaling,2
nav,2
preferences,2
screen-resolution,2
preprocessor,2
nic,2
nikon,2
screen-size,2
nio,2
nltk,2
interactive,2
intersect,2
precision,2
powershell-v3.0,2
nokia,2
instant-messaging,2
instance,2
installshield,2
notation,2
scp,2
intersection,2
problem-solving,2
priority,2
schedule,2
ipad-2,2
ip-camera,2
nested-attributes,2
privacy,2
net-snmp,2
scheduler,2
netgear,2
nexus,2
netty,2
primary-key,2
schemes,2
pricing,2
neural-network,2
invalid,2
intuition,2
ioexception,2
locking,2
consumer,2
content-assist,2
core-text,2
core-location,2
core,2
coordinates,2
coordinate-systems,2
uitouch,2
contour,2
context,2
unbound,2
content-editor-web-part,2
undefined,2
underline,2
uisearchdisplaycontroller,2
unhandled-exception,2
constraints,2
const,2
console-application,2
uninstall,2
connection-timeout,2
connection-string,2
connect,2
configuration-files,2
config,2
conditionals,2
uistoryboard,2
uisearchbar,2
customization,2
crud,2
custom-server-controls,2
custom-object,2
custom-list,2
ubuntu-10.10,2
ubuntu-11.04,2
ubuntu-12.04,2
currency,2
ctrl,2
cs5,2
uibezierpath,2
cruisecontrol,2
uicollectionviewcell,2
correlation,2
cross-compiling,2
uicontrol,2
uidatepicker,2
uigesturerecognizer,2
createfile,2
crawler,2
cpu-usage,2
cpanel,2
coverflow,2
uinavigationbar,2
cout,2
condition,2
computer-vision,2
unobtrusive-validation,2
client-server,2
coda,2
user-rights,2
co.combinatorics,2
username,2
users,2
cluster-computing,2
cloudfoundry,2
cloudbees,2
utilities,2
clip,2
client-side-validation,2
clearcase,2
composite-component,2
clear,2
clean-urls,2
classnotfoundexception,2
class-design,2
citrix,2
circular-buffer,2
vb.net-2010,2
vb6-migration,2
children,2
child-theme,2
vcl,2
code-access-security,2
code-behind,2
code-contracts,2
code-coverage,2
unzip,2
compilers,2
updateprogress,2
compass-css,2
uploadify,2
compact-disc,2
common-lisp,2
command-prompt,2
comet,2
com-interop,2
colorbox,2
color,2
urlencode,2
urllib2,2
usage-statistics,2
codec,2
usb-drive,2
code-snippets,2
use-case,2
code-quality,2
user-accounts,2
code-first,2
user-input,2
uart,2
cycle,2
vectorization,2
textmate,2
draw,2
dpi,2
testng,2
dot-emacs,2
dompdf,2
texmaker,2
text-editing,2
domain-driven-design,2
domain-controller,2
docx,2
textfield,2
textselection,2
dreamhost,2
texture,2
textures,2
dllexport,2
tfsbuild,2
the-content,2
django-orm,2
django-mptt,2
django-haystack,2
django-generic-views,2
theorems,2
divide-and-conquer,2
drawrect,2
term,2
typing,2
tcpdf,2
edittext,2
editors,2
editing,2
economics,2
ecmascript-5,2
tasm,2
echo,2
ebay,2
e-commerce,2
dynamics-crm-online,2
dynamics-crm-4,2
tcpip,2
dropbox-api,2
tcplistener,2
dynamic-programming,2
dylib,2
dyld,2
teamcity,2
dump,2
telecommunication,2
temp,2
drupal-views,2
template,2
drupal-modules,2
this,2
distributed-computing,2
distance,2
datatables,2
trace,2
declaration,2
decimal,2
debug-symbols,2
translation,2
dbcontext,2
transparent,2
dateformat,2
datatrigger,2
datatemplate,2
datatables.net,2
datastore,2
thread-local-storage,2
tridion,2
tridion-2011,2
datacontract,2
truecrypt,2
try-catch,2
try-catch-finally,2
tumblr,2
twebbrowser,2
data-mining,2
type-conversion,2
daemon,2
touchscreen,2
decrypt,2
definition,2
tortoisesvn,2
diskspace,2
three20,2
directshow.net,2
directed-acyclic-graphs,2
direct3d,2
time-complexity,2
timepicker,2
diacritics,2
dhcp,2
titanium-mobile,2
developer-tools,2
tomahawk,2
derby,2
dependency-properties,2
dependency-management,2
toolbar,2
delphi-xe,2
delphi-2010,2
topological-groups,2
dell-poweredge,2
delimiter,2
tor,2
delayed-job,2
vector-analysis,2
checkin,2
eigenvalues,2
android-wifi,2
appharbor,2
woocommerce,2
apns,2
apk,2
apex-code,2
wordpress-loop,2
apache-commons,2
wordpress-plugin-dev,2
anonymous-types,2
animated,2
android-xml,2
android-view,2
application-pool,2
workspace,2
wp-enqueue-script,2
wp-localize-script,2
android-sdcard,2
android-progressbar,2
android-market,2
wsgi,2
wss,2
android-fonts,2
android-dialogfragment,2
wysiwyg,2
apple-push-notifications,2
application-settings,2
autohotkey,2
windows-phone,2
windows-98,2
windows-azure-storage,2
augmented-reality,2
audit,2
windows-domain,2
audio-streaming,2
attributeerror,2
attr,2
windows-forms-designer,2
asyncsocket,2
async-await,2
windows-registry,2
wireshark,2
assets,2
windows-sbs,2
windows-sbs-2003,2
windows-sbs-2008,2
windows-search,2
array-sorting,2
arp,2
arm,2
winsock,2
winsxs,2
arcgis,2
x509,2
android-arrayadapter,2
android-animation,2
abstract-syntax-tree,2
actionscript-2,2
actionmethod,2
actionlistener,2
acl,2
xvfb,2
xy-pic,2
accounting,2
account,2
accordion,2
access-token,2
accelerometer,2
abort,2
xbap,2
abelian-groups,2
zend-db-table,2
zend-form,2
zero,2
zeroclipboard,2
zfs,2
32-bit,2
zk,2
.net-framework,2
zsh,2
.net-1.1,2
active,2
activeresource,2
actor,2
adapter,2
amd,2
alignment,2
align,2
alias,2
algorithms,2
alerts,2
alert,2
akka,2
aix,2
xml-twig,2
aes,2
adt,2
xmpp,2
adobe-illustrator,2
xpages,2
administrator,2
administration,2
admin,2
xquery,2
addeventlistener,2
add-action,2
add,2
adb,2
autofac,2
autolayout,2
checked,2
visualforce,2
virtual-pc,2
virtualenv,2
calculator,2
cakephp-1.3,2
cairo,2
cabal,2
visual-c#-express-2010,2
visual-sourcesafe,2
c++0x,2
bytecode,2
bundle,2
bufferedreader,2
calling-convention,2
vlookup,2
vmware,2
vmware-esx,2
browser-plugin,2
browser-cache,2
browser-addons,2
vmware-workstation,2
broadcastreceiver,2
broadcast,2
void,2
branding,2
virtual-memory,2
virtual-keyboard,2
autoload,2
cas,2
chat,2
characters,2
change-password,2
cgi,2
certificate-authority,2
centos5,2
center,2
cdn,2
cc.complexity-theory,2
viewflipper,2
views,2
carrierwave,2
virtual-hosts,2
carousel,2
career-development,2
cardinals,2
capybara,2
captions,2
vimeo,2
captcha,2
capistrano,2
cap,2
canon,2
virtual-host,2
vs-extensibility,2
box2d,2
vsftpd,2
weighted-average,2
between,2
berkeley-db,2
benchmarking,2
webmatrix,2
webmethods,2
bcrypt,2
webparts,2
base,2
websocket,2
barcode,2
banach-spaces,2
backend,2
bounded-variation,2
backbone.marionette,2
where,2
wicket,2
azure-storage-blobs,2
azure-appfabric,2
wif,2
avr,2
wildcard-subdomain,2
autotools,2
windbg,2
automated-tests,2
biblatex,2
big-list,2
big-o,2
web.py,2
border,2
bootable,2
boost-thread,2
boost-asio,2
boolean,2
bookmarks,2
wampserver,2
wan,2
blocking,2
blob,2
blank,2
blackberry-eclipse-plugin,2
bjam,2
wcf-ria-services,2
wcf-security,2
bittorrent,2
bios,2
bioinformatics,2
bindinglist,2
bind,2
binaryfiles,2
binary-tree,2
web-security,2
tail-recursion,2
foreign-keys,2
flex4.5,2
game-theory,2
freebsd,2
subfloats,2
finance,2
stochastic-processes,2
ssas,2
spam-prevention,2
generic-list,2
swig,2
enterprise,2
generator,2
generating-functions,2
generate,2
file-copy,2
finalizer,2
filtering,2
facebook-php-sdk,2
geocoding,2
sscanf,2
flickr,2
subfolder,2
stackpanel,2
fckeditor,2
sql-update,2
sortable,2
speech-recognition,2
encapsulation,2
stackoverflow,2
support,2
fbconnect,2
geospatial,2
surface,2
stereo-3d,2
facebook-opengraph,2
system-monitoring,2
forwarding,2
sqlcommand,2
finite-fields,2
functional-testing,2
file-extension,2
structures,2
file-management,2
fadein,2
exchange-server,2
file-writing,2
swfobject,2
gaussian,2
special-functions,2
equality,2
file-transfer,2
file-system,2
sweave,2
equation,2
gamekit,2
ssh-tunnel,2
equipment-recommendation,2
sqldatasource,2
stylecop,2
sysadmin,2
spark,2
symbols,2
sparql,2
factoring,2
suspend,2
enumerate,2
erb,2
filestream,2
synchronous,2
exchange-2007,2
execute,2
str-replace,2
stretch,2
files,2
sql-server-express,2
sts-springsourcetoolsuite,2
super,2
exam,2
elastic-beanstalk,2
static-analysis,2
gallery,2
extract,2
standards,2
static-libraries,2
swt,2
frames,2
evernote,2
firefox-extensions,2
subprocess,2
facebook-android-sdk,2
facebook-apps,2
email-headers,2
facebook-login,2
solr4,2
solrnet,2
excel-2010,2
flash-builder,2
emailserver,2
gis,2
stat,2
freemarker,2
feedback,2
git-push,2
external-hard-drive,2
extends,2
free,2
ext4,2
subview,2
software-raid,2
ejs,2
swipe,2
el,2
fetch,2
software-rec,2
excel-2007,2
fft,2
footnotes,2
flash-cs4,2
explode,2
event-receivers,2
firebug,2
fields,2
field-theory,2
standalone,2
symbolic-link,2
features,2
flash-player,2
ember-data,2
fiddler,2
fopen,2
facebook-connect,2
fql,2
framed,2
embedded-resource,2
fieldset,2
ftp-client,2
fop,2
tabcontrol,2
solver,2
game-center,2
simple-form,1
progress,1
projects-and-solutions,1
simpledateformat,1
webcontrols,1
simplecv,1
webfilter,1
pastebin,1
websense,1
promotion,1
webformsmvp,1
projective-space,1
progress-4gl,1
webkitgtk,1
project-euler,1
simpleadapter,1
sqldependency,1
webpage,1
simplehttpserver,1
webrequest,1
project-server-2007,1
webbrowser-control,1
webresource.axd,1
progressdialog,1
web-sql,1
proof,1
webrtc,1
webclient,1
sqlitedatabase,1
tactionlist,1
where-clause,1
webservice,1
sql-view,1
princexml,1
principalsearcher,1
printer,1
printf,1
windows-2000,1
sql-server-2008-express,1
window-resize,1
window-managers,1
window-manager,1
priority-queue,1
winamp,1
prismv2,1
win32-process,1
wildcards,1
private,1
primes,1
windows-7-embedded,1
single-responsibility,1
windows-controls,1
presentations,1
presentmodalviewcontrolle,1
pressed,1
prestashop,1
windows-defender,1
preventdefault,1
preview,1
primary-key-design,1
windows-console,1
site-collection,1
windows-authentication,1
sinon,1
singly-linked-list,1
windows-8-apps,1
private-members,1
wikipedia-api,1
webservice-client,1
wikipedia,1
processor-socket,1
simpletest,1
weekend,1
product,1
product-features,1
weekday,1
sqlcommandbuilder,1
production,1
websphere-mq-ams,1
sqlconnection,1
profession,1
profile,1
sqldatareader,1
websites,1
simplemodal,1
processor,1
weka,1
wheezy,1
simpy,1
wiki,1
wifimanager,1
sqlanywhere,1
sqlclient,1
procedural-generation,1
width,1
widescreen,1
processing.js,1
simplicial-stuff,1
whm,1
whiletrue,1
procedure,1
protected,1
sqlclr,1
propositional-calculus,1
public,1
protection,1
show,1
qfiledialog,1
stackoverflow.com,1
qgraphicsview,1
qkeyevent,1
vmware-tools,1
vmware-server,1
qmainwindow,1
qmap,1
staging,1
qml,1
qmodelindex,1
qnx,1
qos,1
qregexp,1
shoutcast,1
stage,1
qdialog,1
qcow2,1
pyzmq,1
stacking-symbols,1
sifr,1
vsdbcmd,1
python-2.5,1
ssms,1
ssrs-reports,1
python-3.1,1
voting,1
vorbis,1
python-multithreading,1
volume,1
volatile,1
python-sphinx,1
void-pointers,1
pythonpath,1
pywin32,1
shorttags,1
vlc,1
pyside,1
shockwave,1
visual-effects,1
visual-editor,1
shopping-cart,1
visitor-statistic,1
quartz.net,1
vision,1
shopify,1
query-performance,1
visualstatemanager,1
visible,1
querydsl,1
visibility,1
queryover,1
virus,1
standards-compliance,1
stanford-nlp,1
quartz-2d,1
shortcut,1
quantum-computing,1
quantitative-finance,1
qt-creator,1
visual-studio-team-system,1
visual-studio-setup-proje,1
visual-studio-lightswitch,1
qt4.6,1
qtkit,1
visual-studio-debugging,1
qtreeview,1
visual-studio-addins,1
standard-library,1
qtsql,1
visual-studio-2003,1
quadratic-programming,1
quadtree,1
quantile,1
sslstream,1
pyramid,1
web-scraping,1
squid,1
ps,1
sqltransaction,1
psexec,1
silverlight-5.0,1
psql,1
pst,1
psycopg2,1
srs,1
watermark,1
wcf-interoperability,1
wcf-data-service,1
publish-subscribe,1
waveform,1
pulseaudio,1
ssd,1
punbb,1
proxytunnel,1
web-access,1
web-development,1
provider,1
sqliteopenhelper,1
protobuf-net,1
sqlncli,1
sqlobject,1
protocols,1
similarily,1
protorpc,1
web-reference,1
simd,1
sqlplus,1
protostuff,1
prototypal-inheritance,1
web-frameworks,1
web-framework,1
protrusion,1
watin,1
signtool,1
vsix,1
w3c-validation,1
ssh-tunneling,1
waf,1
wadl,1
pylab,1
sshj,1
wacom,1
pylint,1
w3c,1
waterfall,1
pyopencl,1
pyplot,1
ssis-data-transformations,1
vxworks,1
vsts2008,1
pyqt4,1
sigma,1
waiting,1
wake-on-lan,1
pygobject,1
sse,1
watchservice,1
purchase,1
watch,1
warren-buffet,1
pusher,1
pushsharp,1
putimagedata,1
warnings,1
warbler,1
war,1
pycurl,1
pyephem,1
ssdt,1
pygame,1
signature,1
presentation,1
spsite,1
windows-desktop-gadgets,1
php-frameworks,1
spdy,1
php5.3,1
xom,1
snapshot-isolation,1
xna-4.0,1
speaker,1
phpcassa,1
phpexcel,1
xmlslurper,1
xmlschemaset,1
phpmail,1
xmlnode,1
snapshot,1
xmldocument,1
xml-validation,1
phpquery,1
speakers,1
spatialite,1
xpages-ssjs,1
persistence,1
xpcom,1
perspective,1
pervasive,1
xsom,1
pex,1
xslt-grouping,1
phantomjs,1
xslt-2.0,1
spam-filter,1
phonegap-plugins,1
photoshop,1
xsl-fo,1
xserver,1
xsd-validation,1
snmp4j,1
php-5.3,1
php-5.4,1
php-dom,1
smt,1
xml-swf-charts,1
phpseclib,1
phpthumb,1
xerces-c,1
pika,1
xdocument,1
xdmcp,1
xcodebuild,1
xcode4.6,1
smbfs,1
pip,1
xcode3.2,1
xcode-template,1
pipeline,1
pipelining,1
pipes,1
xcache,1
xbmc,1
pivotitem,1
pixel,1
xfce,1
xfs,1
pie-chart,1
xll,1
xml-simple,1
specflow,1
phusion-passenger,1
specificity,1
xml-namespaces,1
xml-dom,1
specman,1
smlnj,1
pidgin,1
pickle,1
smime,1
xlib,1
xkeyval,1
pickle-dump,1
xjc,1
xhtml-1.0-strict,1
persistent-storage,1
permutation,1
pjsip,1
paypal-soap,1
zend-route,1
pbkdf2,1
pbuilder,1
zend-paginator,1
zend-mail,1
pci-dss,1
pci-e,1
pci-express,1
zend-form-element,1
pclose,1
zend-cache,1
pcspim,1
pdb,1
pdb-ms,1
solution,1
yui,1
pdf-conversion,1
paypal-subscriptions,1
zend-server-ce,1
xss-prevention,1
zend-session,1
patch,1
patch-management,1
zurb-foundation,1
software-deployment,1
pattern-recognition,1
software-quality,1
zoomooz,1
zookeeper,1
pause,1
pax-web,1
payment,1
payment-processing,1
zipoutputstream,1
soft-keyboard,1
socks5,1
zentest,1
zend-studio,1
socketexception,1
yql,1
yml,1
pdf-reader,1
sorcery,1
perforce,1
yaml-cpp,1
soundcloud,1
source,1
xul,1
performance-tuning,1
xts,1
xtratreelist,1
sox,1
perl-module,1
sp-send-dbmail,1
xtragrid,1
spaces,1
xtable,1
xstream,1
permgen,1
sony-vaio,1
social,1
yield,1
peer,1
pdf-viewer,1
pdflib,1
pdfsharp,1
som,1
pdftex,1
yii-mvc,1
pecl,1
yii-modules,1
perfect-hash,1
sonata-admin,1
pen,1
yii-extensions,1
perc,1
percentage,1
yii-db,1
percona,1
pjax,1
xargs,1
windows-embedded,1
post-editor,1
wix3,1
post-processing,1
skinning,1
postcode,1
wireless-router,1
wireless-access-point,1
spring-integration,1
wired,1
postgresql-8.4,1
postgresql-9.1,1
spring-nature,1
winsock2,1
postsharp,1
spring-ws,1
winscp,1
winpdb,1
winpcap,1
wizard,1
skins,1
popover,1
posix,1
word-2010,1
word-2007,1
word,1
spring-batch,1
wmi-service,1
port-forwarding,1
sled,1
portable,1
skype,1
portal,1
portfolio,1
portlet,1
ports,1
pos-tagger,1
wmi-query,1
spring-el,1
wm-copydata,1
powerdns,1
wininet,1
powerdot,1
windowsformshost,1
spyne,1
windows-media-player,1
prefix,1
windows-live-messenger,1
sql-azure,1
windows-live,1
windows-key,1
preg-match-all,1
sql-injection,1
preg-split,1
preload,1
preloader,1
windows-firewall,1
premake,1
sql-management-studio,1
sql-order-by,1
sql-scripts,1
predef,1
sizer,1
windows-phone-8,1
powerset,1
skin,1
windows-xp-embedded,1
spritebatch,1
powerpoint-2007,1
windows-terminal-server,1
windows-service,1
powers,1
windows-server-2008-sp2,1
pre-commit-hook,1
sproutcore,1
start-menu,1
spweb,1
skew,1
sizzle,1
sizewithfont,1
windows-photo-gallery,1
spree,1
spool,1
xamlreader,1
plist,1
wso2esb,1
plone-funnelweb,1
wsit,1
plpgsql,1
wsimport,1
plpython,1
wshttpbinding,1
spell-check,1
wsdl2java,1
plugin-contact-form-7,1
smart-tag,1
wscript,1
ws-ex-layered,1
writefile,1
plugin-json-api,1
plugin-magic-fields,1
wrap,1
speed,1
playn,1
pop3,1
playlist,1
pkgconfig,1
x64,1
speech-to-text,1
smarty,1
plain-tex,1
x12,1
x.org,1
plane-curves,1
planning,1
x-server,1
x++,1
platform-independent,1
platforms,1
playback,1
player,1
smartphone,1
wxerlang,1
spellchecking,1
wpftoolkit,1
plugin-syntaxhighlighter,1
spl,1
pojo,1
working-copy,1
splistitem,1
worker-process,1
workaround,1
polls,1
work-environment,1
wordpress.org,1
wordpress.com,1
splitter,1
pony,1
slickgrid,1
pool,1
pooling,1
slick2d,1
word-wrap,1
word-field,1
points,1
slow-connection,1
worksheet,1
plyr,1
wpf-4.0,1
plugin-tinymce,1
plugin-wp-seo-yoast,1
wpdb,1
wp-redirect,1
splash,1
smart,1
smack,1
pointer-grab,1
splice,1
pnunit,1
podcast,1
worksheet-function,1
splist,1
podcasts,1
slug,1
quickblox,1
radius,1
startup-scripts,1
rubymine,1
switch,1
switching,1
swrl,1
tortoisehg,1
semidefinite-programming,1
topological-vector-spaces,1
rownumber,1
topological-k-theory,1
rpc,1
semaphore,1
topological-graph-theory,1
top,1
sxs,1
toolkitscriptmanager,1
toolkit,1
semantic,1
rpt,1
tostring,1
total,1
touchesmoved,1
rotatetransform,1
transcoding,1
role-based,1
transactional,1
rome,1
root,1
sendgrid,1
roots-of-unity,1
send,1
touchpad,1
rotations,1
transaction-isolation,1
rounded-corners,1
swingx,1
traffic,1
rounding,1
route-constraint,1
rpxnow,1
rras,1
rrdtool,1
timespace,1
rtsp,1
ruboto,1
timezoneoffset,1
timetable,1
ruby-1.8,1
timespan,1
selling,1
timertask,1
rtos,1
timer-jobs,1
timeit,1
timefield,1
time-management,1
time-machine,1
ruby-on-rails-3.2.5,1
ruby-on-rails-plugins,1
rtp,1
rtmp,1
symbian,1
tnsnames,1
rsh,1
symbol-table,1
rspec-rails,1
tokenize,1
rspec2,1
toad,1
rss-reader,1
tls,1
sem,1
rt,1
tizen,1
tivoli,1
rtd,1
titlesec,1
titlebar,1
symbolic-math,1
transfer,1
role,1
sendkeys,1
twos-complement,1
typeerror,1
typedef,1
type-safety,1
surfaces,1
type-constraints,1
rewrite-rules,1
rfc,1
rgb,1
typekit,1
rhel,1
rhel-6,1
serializable,1
tweetsharp,1
tweepy,1
surround,1
rhel5,1
typeface.js,1
typeloadexception,1
tune2fs,1
server.mappath,1
sun,1
sup,1
serveraid,1
result,1
results,1
resultset,1
retina-display,1
retinadisplay,1
server-restart,1
retro-computing,1
ubercart,1
return-by-reference,1
superclass,1
u-boot,1
server-settings,1
reverse-engineering,1
tunnel,1
rhodes,1
roku,1
swi-prolog,1
swc,1
travel,1
swfupload,1
trash,1
ringtone,1
trap,1
transpose,1
rmi,1
rijndael,1
transmission,1
robocopy,1
translucency,1
robots.txt,1
robustness,1
rodc,1
translator,1
traversal,1
tree-nodes,1
rhomobile,1
seq,1
tstringlist,1
swagger,1
sequencematcher,1
trouble-tickets,1
tripledes,1
sequence,1
triple-channel,1
swap,1
rightscale,1
richtext,1
richtextbox,1
riemann-surfaces,1
riemannian-geometry,1
treetable,1
trees,1
right-click,1
self-tracking-entities,1
rubymotion,1
ubuntu-12.10,1
self-signed,1
selectedindex,1
templating,1
scoped-lock,1
scoring,1
scorm,1
template-templates,1
scorm1.2,1
table-relationships,1
temperature,1
tablelayout,1
screen,1
temp-table,1
selectbox,1
telephoto,1
telephony,1
telephone,1
tablemodel,1
temporary,1
tabitem,1
scons,1
tesseract,1
systemc,1
testunit,1
systemd,1
scheduling,1
testflight,1
test,1
selectlist,1
tessellation,1
terminalservices,1
schema-design,1
schemaless,1
systemtime,1
t4,1
scikit-learn,1
scikits,1
scipy,1
technology-choice,1
teamprise,1
team-sites,1
tabwidget,1
scrum,1
taxes,1
scrypt,1
tastypie,1
scss,1
task-queue,1
second-level-cache,1
task-manager,1
tbb,1
task,1
target,1
searchview,1
tacit-programming,1
search-results,1
taction,1
tail,1
tabview,1
tchromium,1
screensaver,1
scriptresource.axd,1
tablesorter,1
screwturn,1
team-build,1
teaching,1
scriptaculous,1
tablet,1
tableview,1
scriptservice,1
tclientdataset,1
security-roles,1
tabpage,1
tcm,1
secure,1
scrollto,1
scrolltop,1
tabpanel,1
selectonemenu,1
system.web.optimization,1
text-editors,1
thin,1
rvm,1
rvmrc,1
thin-provisioning,1
s#arp-architecture,1
self,1
thin-client,1
safari-extension,1
sailfish-os,1
synchronizationcontext,1
thick-provisioning,1
saltedhash,1
theory,1
theme-twenty-eleven,1
same-origin-policy,1
saml,1
syncml,1
thinking-sphinx,1
self-hosting,1
theme-recommendation,1
runtime-compilation,1
tiff,1
ticket-system,1
rules,1
run,1
ticket,1
runnable,1
thunderbird,1
symmetric-key,1
thor,1
threading,1
sympy,1
thread-local,1
synapse,1
thread-dump,1
runtime.exec,1
rvalue,1
sammy.js,1
sample-data,1
text-manipulation,1
textblock,1
sysfs,1
scalable,1
system-info,1
scalaquery,1
textinput,1
selectsinglenode,1
textchanged,1
scanning,1
scala-2.8,1
scatter,1
text-wrapping,1
text-to-speech,1
text-size,1
system-properties,1
system-tray,1
scheduled-task,1
sysdate,1
selenium-ide,1
samsung,1
sata,1
syntaxhighlighter,1
theme,1
sap-connector,1
sapply,1
saprfc,1
sas,1
syscall,1
satellite-assembly,1
texturing,1
sysctl,1
savechanges,1
saving,1
textwrapping,1
sbt-android-plugin,1
textwrangler,1
textwatcher,1
summation,1
restkit,1
shiro,1
string-formatting,1
variable-names,1
variable-assignment,1
readlines,1
valueconverter,1
strace,1
value-type,1
strawberry-perl,1
readwritelock,1
value,1
validator,1
readystate,1
shared-memory,1
strchr,1
valid-html,1
realurl,1
rear-lcd,1
vagrant,1
variableargumentlists,1
reader,1
readdirectorychangesw,1
stock-photography,1
ventrilo,1
sharepoint-deployment,1
vector-bundles,1
stock,1
rcp,1
rdesktop,1
vcard,1
vbulletin,1
variadic-templates,1
rdlc,1
rdoc,1
sharekit,1
vb.net-to-c#,1
reachability,1
stopwatch,1
read-committed-snapshot,1
v8,1
uuid,1
strdup,1
recursive,1
sharding,1
shape,1
strict-mode,1
user-profile,1
shadow,1
user-meta,1
user-management,1
recursive-algorithms,1
user-roles,1
recursive-regex,1
recycle-bin,1
user-identification,1
user-experience,1
user-authentication,1
user-agent,1
redirecting,1
recurring-billing,1
user-settings,1
util,1
userscripts,1
reboot,1
utf,1
utc,1
ussd,1
receive,1
using-statement,1
using,1
recommendation,1
user.config,1
stretching,1
recording,1
records,1
recordset,1
user32,1
recover,1
strict,1
rca,1
rbenv,1
rb-appscript,1
sharp-architecture,1
rabl,1
sheets,1
static-members,1
rack,1
sharppcap,1
rack-middleware,1
racket,1
rad,1
vim-syntax-highlighting,1
radgrid,1
viewresult,1
radians,1
viewparams,1
static-methods,1
viewexpiredexception,1
viewengine,1
static-linking,1
r2winbugs,1
tagging,1
virtual-desktop,1
shipping,1
shift,1
quicklisp,1
quicktime,1
virtual-directory,1
shellexecute,1
quota,1
quotes,1
shell-escape,1
virtual,1
shellcode,1
stata,1
qwerty,1
vimscript,1
vimrc,1
static-content,1
viewdidunload,1
viewdata,1
rawurl,1
vertical-alignment,1
vi,1
range,1
rangeslider,1
vhosts,1
stderr,1
vhdl,1
ranking,1
stdio,1
vici,1
vertex,1
version-range,1
stl-algorithm,1
rational,1
verilog,1
verbosity,1
raw-sockets,1
random-data,1
sharepoint-online,1
radwindow,1
rails-migrations,1
viewcontroller,1
view-helpers,1
view-first,1
videoview,1
raid-5,1
rails-admin,1
static-resource,1
video-processing,1
video-editing,1
railstutorial.org,1
railway.js,1
staticresource,1
rake-task,1
video-encoding,1
rally,1
ram,1
string-array,1
redirection,1
restful-url,1
usebean,1
uipopovercontroller,1
uipangesturerecognizer,1
reportingservices-2005,1
reportlab,1
uinavigationitem,1
repository-pattern,1
uimodalpresentationstyle,1
representation-theory,1
uilocalnotification,1
requestfactory,1
uiinterfaceorientation,1
requests,1
subsonic,1
require-once,1
subsonic3,1
servicestack,1
subversion,1
subnet,1
submodule,1
submitting,1
uitextview,1
set-include-path,1
unavailable,1
ulimit,1
replaceall,1
uiwindow,1
uittabbarcontroller,1
uitoolbar,1
reply,1
session-state,1
sessions,1
sessionid,1
uitableviewdelegate,1
report-viewer2010,1
uitableviewdatasource,1
subitem,1
sublimetext2,1
reservation,1
uidocumentinteraction,1
reserved,1
uefi,1
service-reference,1
uianimation,1
uiactivityindicatorview,1
uiactionsheet,1
resque,1
ufw,1
ufo,1
udt,1
uiapplication,1
udf,1
udev,1
service-rec,1
uddi,1
ucs2,1
restfb,1
ubuntu-9.10,1
responseformat,1
uiapplicationdelegate,1
reset,1
resolutions,1
reshape,1
reshape2,1
subversive,1
uicomponents,1
uicolor,1
resharper-6.1,1
resizable,1
resolve,1
uibarbuttonitem,1
resourcebundle,1
sudoers,1
resourcedictionary,1
uibinder,1
respond-to,1
servicelocator,1
respond-with,1
repl,1
set-intersection,1
unboxing,1
settings.settings,1
stripe,1
registration,1
ups,1
uploads,1
strong-typing,1
settingsprovider,1
reinstall,1
relational-algebra,1
regfreecom,1
update-post-meta,1
upc,1
strpos,1
strtotime,1
untagged,1
unsigned,1
unresolved-external,1
regions,1
url-rewrite-module,1
relationship,1
referral,1
string-literals,1
string-split,1
usb-3,1
urls,1
urlrewriter.net,1
urlrequest,1
urlparse,1
stringbuilder,1
stringtokenizer,1
urllib,1
urlfetch,1
regasm,1
sfinae,1
setw,1
regex-lookarounds,1
stringtemplate,1
relations,1
unpacking,1
repair,1
setbackground,1
unicode-math,1
setfocus,1
setdefault,1
setcookie,1
subdomains,1
renderer,1
software-distribution,1
undelete,1
subdirectory,1
undefined-reference,1
undefined-behavior,1
renderpartial,1
renewal,1
uncrustify,1
repaint,1
repaintmanager,1
unicorn,1
subclassing,1
unpack,1
unix-utils,1
relativesource,1
release-management,1
reload,1
reloaddata,1
unobtrusive-javascript,1
uno,1
unixodbc,1
unix-socket,1
removeclass,1
settings-api,1
stsadm,1
remote-server,1
styleswitching,1
remoteobject,1
subcaption,1
removable-storage,1
software-evaluation,1
.bash-profile,1
paste,1
dell-precision,1
denormalization,1
demonstration,1
delta,1
delphi-xe3,1
delphi-6,1
delphi-5,1
dell-inspiron,1
deep-linking,1
delimited-continuations,1
delicious,1
delete-row,1
delegatecommand,1
deflate,1
defensive-programming,1
deprecated,1
depth,1
depth-first-search,1
dereference,1
derived-class,1
description,1
deserialization,1
design-by-contract,1
designer,1
desktop-application,1
desktop-background,1
desktop-shortcut,1
destructor,1
detection,1
developer,1
development,1
development-cycle,1
default-value,1
deep-copy,1
development-tools,1
datarow,1
db4o,1
days,1
datetimepicker,1
datefield,1
datatool,1
datasnap,1
datarelation,1
dedicated,1
datareader,1
datamodule,1
datamapper,1
datalist,1
datalength,1
datakey,1
dbcc,1
dbcommand,1
dbi,1
dbus,1
dcpromo,1
dd-wrt,1
ddl,1
ddr3,1
deactivate,1
dead-reckoning,1
debian-based,1
debug,1
decision-tree,1
declarative,1
declare,1
decoding,1
decompiling,1
development-methodologies,1
devexpress-windows-ui,1
datagridtemplatecolumn,1
django-database,1
django-testing,1
django-staticfiles,1
django-settings,1
django-piston,1
django-paypal,1
django-middleware,1
django-celery,1
distribution-lists,1
django-cache,1
django-ajax-selects,1
django-admin-filters,1
django-1.2,1
divisibility,1
divide-by-zero,1
django-tinymce,1
dll-injection,1
dma,1
dmg-image,1
dml,1
doc,1
dock,1
dockable,1
doctest,1
doctype,1
document-classes,1
document-classification,1
document-ready,1
documentclass-writing,1
documents,1
doevents,1
dojox,1
distutils,1
distributed-transactions,1
device-driver,1
diagram,1
digest,1
dig,1
differential-topology,1
differential-operators,1
differential-forms,1
dicom,1
diagonal,1
distinguishedname,1
diagnostic,1
dhtmlx,1
dhcp-server,1
devise-confirmable,1
devices,1
device-manager,1
digit,1
diophantine-equations,1
directdraw,1
direction,1
directory-structure,1
directoryinfo,1
directsound,1
disabled,1
disassembly,1
discovery,1
disk-io,1
disk-space,1
disk-utility,1
dispatcher,1
display-block,1
display-settings,1
distinct,1
dataimporthandler,1
database-schema,1
dojox.grid.datagrid,1
coordinate-transformation,1
core-data-migration,1
cordova-2.0.0,1
corba,1
copyright,1
copy-protection,1
copy-local,1
coordinate,1
continuations,1
convex-analysis,1
converter,1
convert,1
controltemplate,1
control-flow,1
continuous-deployment,1
core-motion,1
coredump,1
coreldraw,1
corners,1
cornerstone,1
corona,1
correctness,1
cost,1
couchapp,1
counter-cache,1
counters,1
coupon,1
covariance,1
coverity-prevent,1
cpan,1
cppunit,1
cprofile,1
continuity,1
continuation-passing,1
cq5,1
concat,1
conditional-formatting,1
conditional-content,1
concurrentmodification,1
concurrent-programming,1
conceptual,1
concave,1
computer-architecture,1
context-mkiv,1
computer-algebra-systems,1
computational-mathematics,1
computational-geometry,1
compress,1
composite,1
compose-key,1
conditional-statements,1
confirm,1
connection-leaks,1
connectivity,1
conntrack,1
consistency,1
const-correctness,1
constructor-chaining,1
consumption,1
contact-form-7,1
containable,1
containers,1
contains,1
content-deployment,1
contentpresenter,1
contentproperty,1
contenttype,1
cpu-cache,1
creating,1
database-restore,1
dart-html,1
data-compression,1
data-annotations,1
data-access-layer,1
data-access,1
dashcode,1
darwin,1
dart,1
custom-titlebar,1
d,1
cython,1
cyrillic,1
cwnd,1
cut,1
customvalidator,1
data-dump,1
data-extraction,1
data-form-web-part,1
data-migration,1
data-modeling,1
data-persistence,1
data-synchronization,1
data-transfer,1
data-type-conversion,1
data-warehouse,1
data.table,1
database-backups,1
database-first,1
database-fragmentation,1
database-migration,1
database-performance,1
database-relations,1
custom-write-panel,1
custom-timer-job,1
creative-commons,1
crossdomain.xml,1
crystal-reports-xi,1
crystal-reports-server,1
crystal-reports-2010,1
crystal-reports-10,1
cryptsetup,1
crypto++,1
cross-threading,1
custom-masterpage,1
cropping,1
crontab,1
crl,1
criteria-api,1
crime,1
credentials,1
css-animations,1
css-gradient,1
cstring,1
ctype,1
cube,1
cublas,1
culture,1
cultureinfo,1
cups,1
curl-multi,1
currency-formatting,1
custom-cell,1
custom-component,1
custom-data-attribute,1
custom-error-pages,1
custom-errors,1
custom-fields,1
dojox.grid,1
dollar-sign,1
complexity-classes,1
fade,1
fast,1
fann,1
family,1
fallback,1
failover,1
fadeout,1
factorygirl,1
facebook-social-plugins,1
factory-method,1
factory-girl,1
factory,1
factorial,1
facets,1
faceted-search,1
fast-enumeration,1
fast-for-sharepoint,1
fastercsv,1
fatal-error,1
favicon,1
fbml,1
fbo,1
feature,1
feature-extraction,1
feed,1
feeds,1
fetched-property,1
fftw,1
fibonacci,1
fields-for,1
figure,1
file-association,1
facebox,1
facebook-oauth,1
file-download,1
exercises,1
expander,1
expand,1
exp-time-algorithms,1
exit-code,1
exim,1
exif,1
execvp,1
facebook-ios-sdk,1
executorservice,1
executescalar,1
executereader,1
executenonquery,1
exec-bad-access,1
exec,1
expansion-files,1
exporter,1
express.js,1
expression-trees,1
ext3,1
extern,1
extinction-event,1
extjs-mvc,1
extjs3,1
extjs4.1,1
extjs4.2,1
ezpublish,1
facebook-batch-request,1
facebook-canvas,1
facebook-fanpage,1
facebook-fql,1
facebook-insights,1
file-descriptors,1
file-format,1
exchangewebservices,1
flat-file,1
flite,1
flipboard,1
flip,1
flicker,1
flexjson,1
flexbuilder,1
flat,1
fixed-point,1
flask,1
flashvars,1
flashdevelop,1
flash-drive,1
flash-cs3,1
flags,1
flood-fill,1
flooding,1
flot,1
flow,1
flow-control,1
flowchart,1
flowcharts,1
floyd-warshall,1
fluent-migrator,1
fluent-nhibernate-mapping,1
fluid-layout,1
flush,1
flv,1
flyout,1
fmdb,1
fmod,1
focus-adjust,1
fla,1
fixed,1
file-manager,1
filesystemwatcher,1
find-and-replace,1
finch,1
finally,1
final,1
film,1
filewriter,1
filesystemobject,1
fix,1
filesystem-corruption,1
fileserver,1
filereader,1
filepath,1
file-permissions,1
file-organization,1
find-if,1
findall,1
finder,1
findstr,1
finite-differences,1
finite-state-machine,1
firebird,1
firebreath,1
firebug-lite,1
firefox-addon,1
firefox-os,1
firefox-sync,1
firemonkey,1
firewatir,1
firewire,1
fireworks,1
first-order-logic,1
exe4j,1
exchange-transition,1
domain-mapping,1
dynamic-queries,1
eager-loading,1
each,1
dynamics-ax-2009,1
dynamicproxy,1
dynamical-systems,1
dynamic-websites,1
dynamic-jasper,1
dual-boot,1
dynamic-data,1
dymamic,1
dword,1
dwm,1
dvorak,1
dvi,1
ear,1
easy-install,1
easyb,1
ebnf,1
ecc,1
eclipse-gef,1
eclipse-pde,1
eclipse-wtp,1
ecm,1
edge-detection,1
edi,1
edit,1
editpad,1
edt,1
ef-migrations,1
effects,1
efi,1
durability,1
du,1
ejb-3.1,1
double-brace-initialize,1
drive,1
drag,1
dpkg,1
dozer,1
dovecot,1
double-precision,1
dotnetnuke-module,1
dts,1
domparser,1
domino,1
domexception,1
domdocument,1
domainservices,1
domain-name,1
drm,1
drools,1
drools-planner,1
drop,1
dropdown,1
droppable,1
dropshadow,1
drupal-forms,1
drupal-render,1
drupal-taxonomy,1
drush,1
dry,1
ds.algorithms,1
dsl,1
dslr,1
dtd,1
dto,1
eigenvectors,1
ejbql,1
exchange-2010,1
equals,1
etl,1
ethics,1
estimation,1
esri,1
ergonomics,1
equations,1
equalizer,1
entitymanager,1
epoll,1
epoch,1
episerver-6-r2,1
episerver,1
eof,1
environmental-health,1
euclidean-geometry,1
eulers-number,1
evaluation,1
event-dispatch-thread,1
event-loop,1
eventaggregator,1
eventmachine,1
everyauth,1
example,1
examples-counterexamples,1
exc-bad-access,1
excanvas,1
excel-2003,1
excel-2011,1
excel-formula,1
excel-interop,1
exchange-2003,1
entry,1
entity-attribute-value,1
eject,1
email-validation,1
emgucv,1
emc,1
emberjs,1
emberdata,1
embedding,1
embed,1
email-notifications,1
entitlements,1
emacs24,1
emacs23,1
elmah,1
elliptic-curves,1
elevation,1
elapsed,1
emma,1
emoji,1
empty,1
emr,1
encryption-symmetric,1
end-to-end,1
ender,1
endless,1
endpoint,1
energy,1
engine,1
engineyard,1
enter,1
enterprise-architect,1
enterprise-architecture,1
enterprise-development,1
enterprise-library,1
complextype,1
compiz,1
password-protection,1
approximation,1
arabic,1
apt-get,1
appwidget,1
appstore-sandbox,1
appscript,1
apps,1
apply,1
appcmd,1
application-pools,1
application-pages,1
application-bar,1
appfabric,1
appender,1
append,1
arcgis-server,1
archive,1
arcserve,1
area,1
area-51,1
areas,1
arel,1
arg,1
argparse,1
argument-passing,1
arithmetic-geometry,1
armadillo,1
array-map,1
array-merge,1
arrow-keys,1
article,1
artifactory,1
appcompat,1
apc,1
asana,1
android-sdk-2.3,1
android-tablelayout,1
android-tabactivity,1
android-support-library,1
android-stylesheeets,1
android-source,1
android-softkeyboard,1
android-sdk-2.2,1
apache-httpcomponents,1
android-sdk-2.1,1
android-scrollbar,1
android-preferences,1
android-permissions,1
android-optionsmenu,1
android-mediaplayer,1
android-textview,1
android-viewpager,1
angularjs-directive,1
annotation-processing,1
anonymous-authentication,1
anonymous-class,1
ansi,1
ant-contrib,1
anti-spam,1
anti-virus,1
antialiasing,1
antlrworks,1
apache-axis,1
apache-camel,1
apache-felix,1
apache-fop,1
apache-httpclient-4.x,1
artifacts,1
asihttprequest,1
android-linearlayout,1
autoplay,1
avalondock,1
autotest,1
autosuggest,1
autosave,1
autorun,1
autopostback,1
automount,1
autocompletetextview,1
automator,1
automated-install,1
automata,1
automake,1
autologin,1
autoindent,1
avatar,1
avaudiorecorder,1
avg-antivirus,1
avr-gcc,1
avx,1
awstats,1
awt,1
axapta,1
axiom-of-choice,1
azure-caching,1
azure-storage-tables,1
azure-worker-roles,1
azureservicebus,1
back-button,1
back-focus,1
back-illuminated,1
backbone-events,1
autoformatting,1
autobahn,1
asmock,1
assert,1
astronomy,1
ast,1
associations,1
assignment-operator,1
assign,1
asset-pipeline,1
aspxgridview,1
auto-login,1
aspx,1
aspect-ratio,1
asp.net-web-api-routing,1
asp.net-routing,1
asp.net-mvc-3-areas,1
asp.net-4.0,1
asus,1
asymptotics,1
async-ctp,1
asyncfileupload,1
atk4,1
atoi,1
atom,1
attachedbehaviors,1
attachment,1
auctex,1
audioqueue,1
audioqueueservices,1
audiotoolbox,1
authlogic,1
auto,1
auto-generate,1
auto-increment,1
android-mapview,1
android-lifecycle,1
backbone.js-collections,1
acid,1
activation,1
actionview,1
actioncontroller,1
actionbarsherlock,1
acm,1
ack,1
achievements,1
acceleration,1
accounts,1
accessoryview,1
accessory,1
accessor,1
accessibility,1
access,1
active-model-serializers,1
activemq-cpp,1
activerecord-relation,1
activex,1
activity-diagram,1
activity-finish,1
activity-lifecycle,1
actor-model,1
add-filter,1
addition,1
addon-domain,1
address-bar,1
address-book,1
addressbook,1
addsubview,1
adfs,1
adhoc,1
acceptance-testing,1
accelerate-framework,1
ado.net-entity-data-model,1
32bit-64bit,1
3dsmax,1
3des,1
3d-reconstruction,1
3d-modelling,1
3d-model,1
3d-graphics,1
3.0,1
abstracttablemodel,1
2d-array,1
2013,1
2-way-object-databinding,1
.net-framework-version,1
.net-4.5,1
.htpasswd,1
3g-network,1
404,1
404-error,1
4k-sectors,1
502-error,1
64-bit,1
8086,1
960.gs,1
a-star,1
aapt,1
abap,1
abcpdf,1
absolute-positioning,1
abstract,1
abstract-class,1
abstract-factory-pattern,1
abstraction,1
admob,1
adobe-air,1
android-keypad,1
amsthm,1
android-alarms,1
analytics,1
analytic-geometry,1
analytic-functions,1
analog,1
anaconda,1
amsmath,1
amazon-elastic-ip,1
amsart,1
ampersand,1
ami,1
amf,1
amember,1
amazon-simpledb,1
android-alertdialog,1
android-c2dm,1
android-calendar,1
android-camera-intent,1
android-contentprovider,1
android-contentresolver,1
android-cursor,1
android-custom-view,1
android-droidtext,1
android-edittext,1
android-file,1
android-fullscreen,1
android-gridview,1
android-imageview,1
android-input-method,1
android-install-apk,1
android-internet,1
amazon-rds,1
amazon-ecs,1
adobe-indesign,1
aero,1
ajax.net,1
aio-write,1
agpl,1
agi,1
agent-ransack,1
afp,1
advertising,1
amazon-ebs,1
advertisement,1
adsl-router,1
adsl,1
adsense,1
ads,1
adodb,1
ajaxform,1
algebra,1
algebraic-curves,1
algebraic-graph-theory,1
aliens,1
allegro,1
allocation,1
alloy-ui,1
alpha,1
alpha-transparency,1
alsa,1
alt,1
alter-table,1
alternate-access-mapping,1
alternative-medicine,1
amazon-cloudsearch,1
amazon-dynamodb,1
backbone-views,1
background-process,1
compiler-optimization,1
check,1
chef,1
checkstyle,1
checkout,1
checking,1
checkboxlist,1
checkboxes,1
cheap,1
cfstoredproc,1
chars,1
chapters,1
channel,1
challenge,1
cgpath,1
cgcontext,1
chef-recipe,1
chemistry,1
cherrypy,1
child,1
childbrowser,1
chm,1
chmod,1
choice-field,1
choicefield,1
chutzpah,1
cifs,1
cilk,1
circular-reference,1
cisco-vpn-client,1
citing,1
clang,1
class-method,1
cgal,1
cfgrid,1
classical-mechanics,1
capslock,1
cascading-deletes,1
cascading,1
career-transition,1
card-reader,1
capybara-webkit,1
caption,1
cappuccino,1
certificates,1
canon-500d,1
canon-450d,1
canjs,1
cancellation,1
can,1
camera-controls,1
cascadingdropdown,1
case-sensitive,1
casperjs,1
cassandra,1
castle,1
castle-dynamicproxy,1
cat6,1
catalyst,1
catch-all,1
catch-block,1
categorization,1
category-theory,1
ccsprite,1
cdt,1
celluloid,1
centos6,1
central-administration,1
class-methods,1
classloader,1
calling,1
codepages,1
collabnet,1
coldfusion-9,1
coding-theory,1
coding,1
codesniffer,1
codepoint,1
codenameone,1
code-hinting,1
codeigniter-2,1
codeblocks,1
code-visualization,1
code-security,1
code-reuse,1
code-navigation,1
collage,1
collapsable,1
collapsed,1
colleagues,1
colspan,1
comma-separated-list,1
command-line-arguments,1
command-line-tool,1
common-table-expression,1
comparable,1
comparing,1
compass,1
compass-geolocation,1
compatibility-mode,1
compile,1
compiled,1
compiler-constants,1
code-metrics,1
code-formatting,1
clause,1
close,1
cmath,1
cluster-analysis,1
cluster,1
cloudflare,1
cloud-hosting,1
closed-form,1
clone,1
code-first-migrations,1
clob,1
clisp,1
clipping,1
client-side,1
cleanup,1
cleaning,1
cmdlets,1
cmmotionmanager,1
cmos,1
cmos-image-sensor,1
cms,1
cname,1
cname-record,1
cobertura,1
cocoa-design-patterns,1
cocoon,1
cocos2d-x,1
code-analysis,1
code-comments,1
code-complexity,1
code-composer,1
code-editor,1
code-efficiency,1
camera-calibration,1
call,1
background-size,1
biology,1
bitmapimage,1
bitmapfactory,1
bitmapdata,1
bitbucket,1
bitblt,1
bit-manipulation,1
binutils,1
bibliographies,1
binary-search,1
bin,1
bimap,1
billing,1
bilinear-form,1
bigdata,1
bitmapsource,1
bitrate,1
bitwise-operators,1
biztalk,1
biztalk2006r2,1
black-screen-of-death,1
blackberry-10,1
blackberry-storm,1
blank-page,1
blazeds,1
blekko,1
blender,1
bll,1
blobs,1
block,1
blockui,1
blog,1
bibtex,1
biber,1
blu-ray,1
barcode-scanner,1
batch-processing,1
batch-insert,1
basic-authentication,1
basic,1
base36,1
bare-metal,1
banner,1
bho,1
bandwidth,1
banach-algebras,1
bamboo,1
bad-sectors,1
backwards-compatibility,1
backup-restoration,1
bayesian,1
bbcode,1
bcmath,1
bcp,1
bcrypt-ruby,1
bcs,1
beamerposter,1
bean-validation,1
beansbinding,1
beanstalkd,1
beautifulsoup,1
behavior,1
best-practices,1
beta,1
beyondcompare,1
bezier,1
bezier-curve,1
bloomberg,1
bluehost,1
caliburn.micro,1
build-script,1
business-logic,1
bus-error,1
bulkinsert,1
buildroot,1
buildout,1
builder,1
build-dependencies,1
brute-force,1
bug-tracking,1
bug-tracker,1
buddypress,1
bubble-sort,1
btrfs,1
bsddb,1
buttonclick,1
bxslider,1
c#-5.0,1
c++builder,1
c++builder-xe2,1
c-api,1
c3p0,1
c99,1
ca,1
caanimation,1
cables,1
cakephp-2.0,1
cakephp-2.2,1
cakephp-2.3,1
calculated-column,1
calendarview,1
calibration,1
brute-force-attacks,1
browser-automation,1
blur,1
boost-bind,1
bootable-media,1
boot-loader,1
boot-camp,1
boost.build,1
boost-spirit,1
boost-log,1
boolean-operations,1
broker,1
boolean-expression,1
boolean-algebra,1
bonjour,1
bold,1
boilerpipe,1
bmp,1
bootmgr,1
bootstrapper,1
bottle,1
bounding-box,1
box-shadow,1
boxee,1
boxplot,1
bpel,1
bpgsql,1
bpm,1
breakpoints,1
breeze,1
breezingforms,1
bridge,1
brightness,1
brightscript,1
broken-pipe,1
folders,1
font-face,1
foobar2000,1
mime-types,1
minimize,1
minify,1
minification,1
minidom,1
mini-profiler,1
mindmaps,1
mime-type,1
microsoft-paint,1
military,1
middle-mouse-button,1
microtype,1
microsoft-word-2010,1
microsoft-test-manager,1
microsoft-sync-framework,1
minimum,1
minipage,1
minted,1
mismatch,1
mitel,1
mix,1
mixed-models,1
mixer,1
mixin,1
ml,1
mobile-development,1
mobile-phones,1
mod-cache,1
mod-dav-svn,1
mod-expires,1
mod-fcgid,1
mod-pagespeed,1
microsoft-research,1
microsoft-outlook-2003,1
mod-ssl,1
memory-dump,1
mercurial-subrepos,1
mer,1
menuitem,1
memorycache,1
memory-limit,1
memory-efficient,1
memory-deallocation,1
microsoft-office-2010,1
memory-address,1
memoir,1
memcpy,1
membership-provider,1
membership,1
member-function-pointers,1
mercury,1
mergesort,1
merging,1
message-passing,1
message-pump,1
messagebroker,1
messaging,1
metaclass,1
method-signature,1
metric-spaces,1
metrics,1
mib,1
microdata,1
microphone,1
microsoft-access,1
microsoft-access-2010,1
microsoft-ajax-minifier,1
mod-perl,1
modalpopupextender,1
meetings,1
ms-access-2000,1
msbuild-task,1
ms-sql,1
ms-project,1
ms-dos,1
ms-access-2010,1
ms-access-2007,1
mrjob,1
mouseover,1
mpmovieplayer,1
mpg,1
mozilla,1
moxy,1
movies,1
movieclip,1
msbuildcommunitytasks,1
mschart,1
msdn,1
msiexec,1
msn-messenger,1
mspec,1
mssql-ssms,1
mta,1
mule,1
multi-boot,1
multi-line,1
multi-table,1
multi-tenant,1
multidimensional,1
multilanguage,1
multiline-text-field,1
multilingual,1
movie,1
mouse-wheel,1
modalviewcontroller,1
modularity,1
monetdb,1
moles,1
mojolicious,1
mogrify,1
modx-evolution,1
modx,1
modernizr,1
mouse-events,1
modelstate,1
modeling,1
modeline,1
modelform,1
modelbinders,1
model-associations,1
money,1
mongodb-csharp,1
mongodb-php,1
mongodb-query,1
mongrel,1
monit,1
monkeyrunner,1
monkeytalk,1
mono-framework,1
mono.cecil,1
monogame,1
monotouch.dialog,1
motion-detection,1
motorola,1
mountain,1
mouse-click,1
mouse-cursor,1
megamenu,1
meego,1
multiple-entries,1
listcollectionview,1
llvm-gcc,1
lldb,1
livecycle,1
livecd,1
live-view,1
listpicker,1
listboxitem,1
linq-expressions,1
listactivity,1
list-template,1
list-definition,1
list-comprehension,1
linux-networking,1
linux-distributions,1
lnk2001,1
load-testing,1
loader,1
loadrunner,1
localnotification,1
lockbox-3,1
lockup,1
locomotivejs,1
log-analysis,1
log4cxx,1
log4perl,1
logarithm,1
logical,1
logical-operators,1
login-script,1
logistics,1
logitech,1
linq-to-xsd,1
linksys,1
logs,1
lex,1
libreoffice-writer,1
libjpeg-turbo,1
libjpeg,1
libertine,1
lgpl,1
lexer,1
level,1
linking-errors,1
length,1
legend-properties,1
legacy,1
left-join,1
led,1
lease,1
libssh,1
libtiff,1
libtiff.net,1
libvirt,1
liferay-theme,1
lightbox,1
lightbox2,1
lightdm,1
like,1
line-numbers,1
line-spacing,1
linear-programming,1
lingo,1
link-to,1
linked-server,1
linkedhashmap,1
linkedin,1
logon-scripts,1
long-integer,1
medical-science,1
mathematica-frontend,1
maven-resources-plugin,1
maven-release-plugin,1
matlab-toolbox,1
matlab-deployment,1
mathpazo,1
mathematical-modeling,1
mathematica-8,1
marketing,1
math-operators,1
match,1
master-page,1
massive,1
masm,1
mars,1
maven-surefire-plugin,1
max-height,1
max-width,1
maximize,1
maze,1
mbox,1
mbunit,1
mcafee,1
md5-file,1
mdi,1
mdichild,1
media-keys,1
media-library,1
mediaelement,1
median,1
mediarecorder,1
mediator,1
marquee,1
markerclusterer,1
lookup-tables,1
lxml,1
macro,1
machinekey,1
m2eclipse,1
lzma,1
lync-2010,1
lync,1
lwjgl,1
mapserver,1
luks,1
lucene-index,1
luac,1
lpstr,1
low-level,1
lotus-formula,1
macruby,1
maf,1
magento-1.5,1
magic-numbers,1
magnification,1
mailbox,1
mailcore,1
maildir,1
mailenable,1
maintenance-plan,1
malicious,1
man,1
many-to-one,1
map-projections,1
mapkit,1
mappeddrive,1
mapping-model,1
multiple-domains,1
multiple-files,1
footer,1
open,1
openerp,1
opendocument,1
opendns,1
opencvdotnet,1
openbsd,1
open-session-in-view,1
ontology,1
onfocus,1
ontologies,1
onresume,1
onpreinit,1
onpause,1
online-shopping,1
onitemclicklistener,1
openfeint,1
opengl-3,1
openjdk,1
openmp,1
opennetcf,1
openoffice-calc,1
openoffice-impress,1
openoffice-writer,1
openstreetmap,1
openvswitch,1
opera,1
operation,1
operations,1
optaplanner,1
opticalflow,1
ora-00054,1
ora-00979,1
onitemclick,1
onetomany,1
oracle-apps,1
odac,1
office-2007,1
office-2003,1
odp,1
odf,1
odepack,1
odata,1
ocmock,1
onerror,1
oc4j,1
objective-c-category,1
objective-c-blocks,1
objectify,1
objectdisposedexception,1
object-model,1
office-2010,1
office-2010-beta,1
office-interop,1
offline,1
offsite-backup,1
ofstream,1
ogg,1
ogre,1
olap-cube,1
old-hardware,1
ole,1
oledbcommand,1
omd,1
omniture,1
once,1
onclicklistener,1
one-to-one,1
oracle-apex,1
oracle-streams,1
object-lifetime,1
pages,1
paragraphs,1
panoramas,1
panel,1
pandora,1
pam,1
paging,1
pagefile,1
packet,1
page-template,1
page-numbering,1
page-breaking,1
page-attributes,1
padrino,1
packets,1
parallel,1
parallel-extensions,1
parameter-passing,1
parameterized-query,1
parent-theme,1
parsec,1
parser-generator,1
part-of-speech,1
partial-classes,1
partial-fractions,1
particle-system,1
partition-recovery,1
pascal,1
pass,1
pass-by-reference,1
passenger,1
password,1
packet-sniffers,1
packaging,1
oracle-ucm,1
origin,1
osm,1
osgi-fragment,1
osgi,1
osdev,1
osascript,1
orthogonal-polynomials,1
orientation,1
package-writing,1
organization,1
org-mode,1
order-theory,1
order-by,1
orbit,1
oracleapplications,1
osqa,1
oss,1
osx-leopard,1
out,1
outline,1
outlook-2010,1
outofmemoryerror,1
outofrangeexception,1
outputcache,1
override,1
overriding,1
owl,1
owner,1
p-adic-number-theory,1
package-management,1
package-managers,1
package-options,1
object-literal,1
nx,1
multiple-inheritance,1
negative-film,1
netbeans-6.9,1
netbackup,1
netatalk,1
nesting,1
nested-loops,1
neon,1
negation,1
nant,1
near-real-time,1
ncurses,1
navigationbar,1
navigatetourl,1
navicat,1
nash-equilibrium,1
netbook,1
netmask,1
netnamedpipebinding,1
netsh,1
netstat,1
netstream,1
network,1
network-adapter,1
network-drive,1
network-interface,1
networkstream,1
neutral-density,1
new-workspace,1
newlines,1
next,1
nexus-one,1
nf-conntrack,1
nas,1
,1
ngen,1
mutable,1
mx-record,1
mvcscaffolding,1
mvccontrib,1
mv,1
mutual,1
mutation,1
music-on-hold,1
naming,1
multivalue,1
multitrigger,1
multitexturing,1
multiprocessor,1
multiprocessing,1
multiple-tables,1
mxml,1
my.cnf,1
mybatis,1
myeclipse,1
myfaces,1
myisam,1
mylocationoverlay,1
mysite,1
mysql-error-1064,1
mysql-management,1
mysql-python,1
mysql-workbench,1
mysql.sock,1
n-tier,1
n-tier-architecture,1
named-instance,1
named-pipes,1
nfc,1
nhprof,1
nvelocity,1
nspredicate,1
nstimer,1
nstextview,1
nstextfieldcell,1
nssortdescriptor,1
nsscrollview,1
nss,1
nsoperationqueue,1
nsmanagedobjectcontext,1
nsoperation,1
nsnotificationcenter,1
nsnotification,1
nsmutablestring,1
nsmutabledictionary,1
nsmenuitem,1
nstokenfield,1
nsundomanager,1
nswindow,1
nsworkspace,1
nszombie,1
ntfs,1
ntlm,1
ntpd,1
nuget-package,1
nullable,1
number-rounding,1
number-systems,1
numberformat,1
numbering,1
numerical-linear-algebra,1
nunit,1
nutch,1
nsmenu,1
nslocale,1
nicedit,1
noclassdeffounderror,1
nonce,1
non-repetitive,1
noindex,1
nodes,1
node-mongodb-native,1
node-inspector,1
nmap,1
nsis,1
nmake,1
ninject,1
nine-patch,1
nil,1
nikon-d90,1
nikon-d7000,1
normals,1
nose,1
notepad,1
noweb,1
nowjs,1
nppexec,1
nsautoreleasepool,1
nsbitmapimagerep,1
nsdateformatter,1
nsdatepicker,1
nsdecimalnumber,1
nsdictionary,1
nservicebus,1
nsevent,1
nsexception,1
nsimage,1
nsinputstream,1
ldif,1
ld,1
lcdui,1
guile,1
gwt2,1
gwt-platform,1
gwt-designer,1
gwt-celltable,1
gunicorn,1
guitar,1
guidelines,1
grub2,1
guice,1
gui-toolkit,1
guard,1
gtktreeview,1
gtk3,1
gtk2,1
gz,1
h2,1
haar-wavelet,1
habtm,1
hacked,1
hacking,1
hammer.js,1
handlebars.js,1
hang,1
haproxy,1
hard-disk,1
hard-drive-recovery,1
hardware-selection,1
harmonic-analysis,1
has-many,1
hashcode,1
hashing,1
gsoap,1
growl,1
having-clause,1
gparted,1
grails-filters,1
grails-controller,1
grails-2.2,1
gpuimage,1
gpio,1
gpgpu,1
gource,1
groupbox,1
goto,1
googletest,1
google-webmaster-tools,1
google-wallet,1
google-visualization,1
google-tv,1
grails-plugin,1
grant,1
graphic,1
graphicsmagick,1
graphing,1
graphing-functions,1
graphs,1
graphviz,1
gray-code,1
grayscale,1
greenplum,1
grid-computing,1
gridengine,1
gridlines,1
gridpanel,1
grit,1
group,1
haskelldb,1
haxe,1
google-talk,1
html-helper,1
htmlcleaner,1
html5-audio,1
html.dropdownlistfor,1
html.dropdownlist,1
html-to-pdf,1
html-parsing,1
html-escape-characters,1
hotcocoa,1
html-editor,1
hp-pavilion,1
hp-envy,1
howto,1
hour,1
hotspot,1
htmlunit,1
htpasswd,1
http-api,1
http-authentication,1
http-etag,1
http-get,1
http-post,1
http-proxy,1
http-status-code-405,1
http-status-code-500,1
http-status-code-503,1
httpconnection,1
httpserver,1
httpurlconnection,1
hub,1
huffman,1
hugin,1
hotmail,1
hot-deploy,1
haystack,1
headless,1
helpfile,1
helpermethods,1
helper,1
heightmap,1
health,1
headphones,1
headers,1
horizontal-scrolling,1
header-image,1
header-footer,1
head.js,1
hdmi,1
hdd,1
hbase,1
heroku-toolbelt,1
hessian,1
heuristics,1
hexadecimal,1
hibernate-mapping,1
hibernate-tools,1
hierarchical-data,1
hierarchyviewer,1
high-load,1
highlighting,1
hilbert-spaces,1
hittest,1
hmac,1
hole-punching,1
home-network,1
homescreen,1
horizontal,1
google-tasks-api,1
google-static-maps,1
lcd,1
function-composition,1
functools,1
functional-equations,1
function-pointers,1
function-overriding,1
function-object,1
function-fields,1
function-calls,1
fscommand,1
function-call,1
fullwidth,1
full-version,1
fubumvc,1
ftpd,1
fstream,1
fuse,1
fusioncharts,1
future,1
fuzzy,1
fuzzy-search,1
fwrite,1
fxcop,1
fxcopcmd,1
fxml,1
gabba,1
gae-quotas,1
game-controller,1
game-physics,1
gaming,1
gamma-function,1
garbage-collecting,1
gas,1
fsockopen,1
frontpage-extensions,1
gd,1
formset,1
foxpro,1
foursquare,1
fourier-analysis,1
foundations,1
fortran77,1
formtastic,1
formatter,1
frontpage,1
formating,1
formal-languages,1
form-helpers,1
form-for,1
fork-join,1
forgot-password,1
fpga,1
fpm,1
fractions,1
fragment,1
fragment-identifier,1
fragment-shader,1
fragmentation,1
frame-rate,1
frameset,1
freebasic,1
freemind,1
freenas,1
freetds,1
freeware,1
friend,1
friend-function,1
friendly-url,1
gcdasyncsocket,1
gdi,1
google-search,1
gma,1
google-api-java-client,1
godaddy,1
goal-tracking,1
gnuplot,1
gnu-make,1
gnu-common-lisp,1
glut,1
gitorious,1
globals,1
glibc,1
glfw,1
glew,1
glassfish-embedded,1
gksudo,1
google-bookmarks,1
google-buzz,1
google-cdn,1
google-charts,1
google-charts-api,1
google-chrome-devtools,1
google-closure,1
google-closure-library,1
google-cloud-messaging,1
google-cse,1
google-drive,1
google-earth,1
google-local-search,1
google-maps-api-2,1
google-nexus,1
google-plus-one,1
google-reader,1
gksession,1
github-api,1
gdk,1
geography,1
getjson,1
getelementbyid,1
getaddrinfo,1
get-terms,1
geotagging,1
geometric-group-theory,1
geodjango,1
git-submodules,1
geocode,1
genesis-theme-framework,1
generatedcode,1
gecko,1
geany,1
gdlib,1
getline,1
getopenfilename,1
getparameter,1
getselection,1
getstring,1
ggplot,1
ghost-image,1
ghostscript,1
ghostscriptsharp,1
gimp,1
gin,1
gist,1
git-branch,1
git-checkout,1
git-daemon,1
git-merge,1
git-rerere,1
hwnd,1
hyper-v-server-2008-r2,1
hyphenation,1
jira-plugin,1
jmf,1
jmenuitem,1
jmenubar,1
jmenu,1
jmap,1
jks,1
jinternalframe,1
jdeveloper,1
jgroups,1
jgoodies,1
jfeed,1
jface,1
jetbrains,1
jena,1
jmock,1
jmx,1
joomla-k2,1
joomla1.7,1
joptionpane,1
jpcap,1
jplayer,1
jpql,1
jqpagination,1
jquery-1.6,1
jquery-1.7,1
jquery-1.9,1
jquery-animation,1
jquery-datepicker,1
jquery-deferred,1
jquery-each,1
jquery-event-binding,1
jdialog,1
jdesktoppane,1
jquery-isotope,1
japplet,1
javadoc,1
javabeans,1
java-io,1
java-6,1
java-2d,1
jasperserver,1
jalopy,1
jdesktop,1
jacorb,1
jackson,1
j,1
iwebbrowser2,1
ivr,1
ivalueconverter,1
javafx,1
javah,1
javamail,1
javascript-namespaces,1
javascript-performance,1
javascriptmvc,1
javasound,1
javax.mail,1
jayrock,1
jboss5.x,1
jbpm,1
jcarousel,1
jcomponent,1
jcrop,1
jdb,1
jdbcrealm,1
jde,1
jquery-file-upload,1
jquery-load,1
i2c,1
knoppix,1
kvm-virtualization,1
ksh,1
kryonet,1
kryo,1
komodo,1
koala,1
knockout-sortable,1
keystroke,1
knockout-mapping-plugin,1
knn,1
knitr,1
kit-lens,1
kineticjs,1
kindle,1
kvoptions,1
kwargs,1
l2tp,1
language,1
language-comparisons,1
language-design,1
language-interoperability,1
late-binding,1
latency,1
lattice-orders,1
launcher,1
law-of-demeter,1
layered,1
layout-manager,1
layouts,1
lazy-evaluation,1
lazy-loading,1
kickstart,1
keyboard-events,1
jquery-masonry,1
jquery-ui-tabs,1
jsoup,1
jsonresult,1
jsonkit,1
jslider,1
jsdt,1
jscrollpane,1
jquery-ui-sortable,1
key-value,1
jquery-ui-datepicker,1
jquery-tooltip,1
jquery-tools,1
jquery-tmpl,1
jquery-slider,1
jquery-select2,1
jspinclude,1
jsr,1
jsse,1
jst,1
jtextpane,1
jump,1
jumpstart,1
jython,1
k-means,1
kaminari,1
kdiff3,1
kdtree,1
kendo-asp.net-mvc,1
kernel-module,1
kernel32,1
kerning,1
key-bindings,1
iusr,1
itunes-store,1
itk,1
indexes,1
information-retrieval,1
information,1
infopath-2007,1
inetaddress,1
inequalities,1
indexof,1
inclusion,1
ime,1
include-guards,1
imultivalueconverter,1
importerror,1
implicit-conversion,1
implicit,1
immediate-window,1
informix,1
infragistics,1
infrared,1
ini,1
ini-files,1
init,1
initialization-list,1
inkscape,1
inline-block,1
inner-join,1
inno-setup,1
inotifycollectionchanged,1
inotifypropertychanged,1
input-button-image,1
input-validation,1
inputstreamreader,1
insert-into,1
imei,1
imagick,1
itext,1
icc,1
ida,1
icomparer,1
ichat,1
icefaces-3,1
icefaces-2,1
icefaces,1
ical4j,1
imageshack,1
ibm-rad,1
ibm-midrange,1
ibm,1
ibaction,1
iasyncresult,1
iad,1
identity,1
identity-column,1
idioms,1
idisposable,1
ie6-ie7-bug,1
ieee-754,1
ifconfig,1
ifdef,1
ifstream,1
iiop,1
iis-7,1
ikvm,1
il,1
image-gallery,1
image-quality,1
image-replacement,1
imagej,1
instance-methods,1
instructions,1
int64,1
iphone-web,1
isapi,1
is-uploaded-file,1
iqueryable,1
ipython,1
ipv4,1
ipod-touch,1
iphone-sdk-5.0,1
integer-lattices,1
iphone-provisioning,1
iphone-os-3,1
iphone-5,1
ip-routing,1
ios6-maps,1
ios5.1,1
isc-dhcp,1
iscroll,1
isnull,1
iso-8859-1,1
iso8601,1
isolatedstorage,1
isp,1
ispconfig-3,1
isql,1
isset,1
issue-tracking,1
issues,1
italic,1
item,1
itemrenderer,1
iteratee,1
iterative-development,1
ios4.3,1
iokit,1
ioctl,1
internet-explorer-10,1
integer-programming,1
intel,1
intel-celeron,1
intel-graphics,1
intel-pentium,1
intentfilter,1
inter-process,1
interaction,1
interceptor,1
interference,1
internal-link,1
internal-server-error,1
international,1
internet-connection,1
interposing,1
ioc-containers,1
interpreted-language,1
interprocess,1
interrupts,1
intersection-theory,1
intranet,1
intrinsics,1
intuit-partner-platform,1
invalidoperationexception,1
inverse,1
invocation,1
invoke-command,1
io-redirection,1
ioc,1
ioc-container,1
zxing,1
